support,itemsets
0.012803282167362241,10 COLOUR SPACEBOY PEN
0.011742236683879182,12 MESSAGE CARDS WITH ENVELOPES
0.01718893683242555,12 PENCIL SMALL TUBE WOODLAND
0.01846219141260522,12 PENCILS SMALL TUBE RED RETROSPOT
0.016835255004597864,12 PENCILS SMALL TUBE SKULL
0.014218009478672985,12 PENCILS TALL TUBE RED RETROSPOT
0.014430218575369597,12 PENCILS TALL TUBE SKULLS
0.012591073070665629,12 PENCILS TALL TUBE WOODLAND
0.01718893683242555,3 HEARTS HANGING DECORATION RUSTIC
0.016552309542335716,3 PIECE SPACEBOY COOKIE CUTTER SET
0.025535827969158945,3 STRIPEY MICE FELTCRAFT
0.012237391242837943,3 TRADITIONAL BISCUIT CUTTERS  SET
0.012237391242837943,36 PENCILS TUBE RED RETROSPOT
0.011600763952748108,36 PENCILS TUBE SKULLS
0.01945250053052274,4 TRADITIONAL SPINNING TOPS
0.015420527693287119,"frozenset({""6 GIFT TAGS 50'S CHRISTMAS""})"
0.013864327650845299,6 GIFT TAGS VINTAGE CHRISTMAS
0.04286623753271557,6 RIBBONS RUSTIC CHARM
0.0102567730070029,6 ROCKET BALLOONS
0.020230600551743652,60 CAKE CASES DOLLY GIRL DESIGN
0.026596873452642004,60 CAKE CASES VINTAGE CHRISTMAS
0.039187946523307635,60 TEATIME FAIRY CAKE CASES
0.029709273537525643,72 SWEETHEART FAIRY CAKE CASES
0.010115300275871826,ABC TREASURE BOOK BOX
0.013652118554148688,AGED GLASS SILVER T-LIGHT HOLDER
0.014996109499893896,AIRLINE BAG VINTAGE TOKYO 78
0.010327509372568438,"AIRLINE LOUNGE,METAL SIGN"
0.019169555068260593,ALARM CLOCK BAKELIKE CHOCOLATE
0.04739336492890995,ALARM CLOCK BAKELIKE GREEN
0.029355591709697957,ALARM CLOCK BAKELIKE IVORY
0.021857536959751008,ALARM CLOCK BAKELIKE ORANGE
0.03395345547145787,ALARM CLOCK BAKELIKE PINK
0.05227417415293202,ALARM CLOCK BAKELIKE RED
0.010468982103699512,ALPHABET STENCIL CRAFT
0.01230812760840348,ANTIQUE GLASS DRESSING TABLE POT
0.010186036641437362,ANTIQUE GLASS PEDESTAL BOWL
0.029992218999787792,ANTIQUE SILVER T-LIGHT GLASS
0.014783900403197284,ANTIQUE SILVER TEA GLASS ENGRAVED
0.023767418830020513,AREA PATROLLED METAL SIGN
0.07597085661738699,ASSORTED COLOUR BIRD ORNAMENT
0.015703473155549267,ASSORTED COLOURS SILK FAN
0.012803282167362241,BAG 125G SWIRLY MARBLES
0.010327509372568438,BAG 250G SWIRLY MARBLES
0.048808092240220695,BAKING SET 9 PIECE RETROSPOT
0.02461625521680696,BAKING SET SPACEBOY DESIGN
0.012166654877272406,BALLOONS  WRITING SET
0.015420527693287119,BATH BUILDING BLOCK WORD
0.027374973473862915,BATHROOM METAL SIGN
0.01131781849048596,BELLE JARDINIERE CUSHION COVER
0.022140482422013157,BEWARE OF THE CAT METAL SIGN
0.017118200466860013,BINGO SET
0.015986418617811415,"frozenset({""BISCUIT TIN 50'S CHRISTMAS""})"
0.014996109499893896,BISCUIT TIN VINTAGE CHRISTMAS
0.0102567730070029,BLACK HEART CARD HOLDER
0.015349791327721582,BLACK RECORD COVER FRAME
0.014005800381976375,BLACK/BLUE POLKADOT UMBRELLA
0.010751927565961661,BLUE GIANT GARDEN THERMOMETER
0.02030133691730919,BLUE HAPPY BIRTHDAY BUNTING
0.028718964419608122,BLUE HARMONICA IN BOX
0.011742236683879182,BLUE POLKADOT BOWL
0.010468982103699512,BLUE POLKADOT CUP
0.011883709415010256,BLUE POLKADOT WRAP
0.01740114592912216,BLUE SPOT CERAMIC DRAWER KNOB
0.02079649147626795,BLUE STRIPE CERAMIC DRAWER KNOB
0.02129164603522671,BOX OF 24 COCKTAIL PARASOLS
0.02157459149748886,"frozenset({""BOX OF 6 MINI 50'S CRACKERS""})"
0.019806182358350428,BOX OF 6 MINI VINTAGE CRACKERS
0.012874018532927778,BOX OF VINTAGE JIGSAW BLOCKS
0.012166654877272406,BULL DOG BOTTLE OPENER
0.017896300488080923,BUNDLE OF 3 ALPHABET EXERCISE BOOKS
0.014359482209804061,BUNDLE OF 3 RETRO NOTE BOOKS
0.010539718469265049,BUNDLE OF 3 SCHOOL EXERCISE BOOKS
0.014430218575369597,CALENDAR PAPER CUT DESIGN
0.021503855131923322,CANDLEHOLDER PINK HANGING HEART
0.021150173304095635,CARD BILLBOARD FONT
0.011247082124920421,CARD CIRCUS PARADE
0.01131781849048596,CARD DOLLY GIRL
0.010822663931527199,CERAMIC CHERRY CAKE MONEY BANK
0.014854636768762822,CERAMIC HEART FAIRY CAKE MONEY BANK
0.01563273678998373,CERAMIC STRAWBERRY CAKE MONEY BANK
0.021928273325316546,CHARLOTTE BAG APPLES DESIGN
0.018320718681474144,CHARLOTTE BAG DOLLY GIRL DESIGN
0.027516446204993987,CHARLOTTE BAG PINK POLKADOT
0.03204357360118837,CHARLOTTE BAG SUKI DESIGN
0.01874513687486737,CHARLOTTE BAG VINTAGE ALPHABET
0.01740114592912216,CHICK GREY HOT WATER BOTTLE
0.014147273113107449,"frozenset({""CHILDREN'S APRON DOLLY GIRL""})"
0.015066845865459432,CHILDRENS APRON APPLES DESIGN
0.025465091603593407,CHILDRENS APRON SPACEBOY DESIGN
0.012661809436231167,CHILDRENS CUTLERY DOLLY GIRL
0.010964136662658273,CHILDRENS CUTLERY POLKADOT BLUE
0.016552309542335716,CHILDRENS CUTLERY POLKADOT PINK
0.011883709415010256,CHILDRENS CUTLERY RETROSPOT RED
0.015491264058852657,CHILDRENS CUTLERY SPACEBOY
0.029567800806394567,CHILLI LIGHTS
0.013722854919714225,CHOCOLATE BOX RIBBONS
0.04555421942420598,CHOCOLATE HOT WATER BOTTLE
0.024191837023413737,CHOCOLATE THIS WAY METAL SIGN
0.025818773431421093,CHRISTMAS CRAFT LITTLE FRIENDS
0.021928273325316546,CHRISTMAS CRAFT TREE TOP ANGEL
0.02058428237957134,CHRISTMAS CRAFT WHITE FAIRY
0.015066845865459432,CHRISTMAS STAR WISH LIST CHALKBOARD
0.010468982103699512,CHRISTMAS TOILET ROLL
0.011247082124920421,CIRCUS PARADE LUNCH BOX
0.011459291221617034,CLASSIC CAFE SUGAR DISPENSER
0.010115300275871826,CLASSIC CHROME BICYCLE BELL
0.015986418617811415,CLASSIC GLASS COOKIE JAR
0.01973544599278489,CLEAR DRAWER KNOB ACRYLIC EDWARDIAN
0.036782910094079364,CLOTHES PEGS RETROSPOT PACK 24
0.010186036641437362,COFFEE MUG APPLES DESIGN
0.010751927565961661,COFFEE MUG CAT + BIRD DESIGN
0.026667609818207542,COLOUR GLASS T-LIGHT HOLDER HANGING
0.013015491264058853,COLOUR GLASS. STAR T-LIGHT HOLDER
0.012944754898493315,COLOURING PENCILS BROWN TUBE
0.035863337341727385,COOK WITH WINE METAL SIGN
0.011742236683879182,COWBOYS AND INDIANS BIRTHDAY CARD
0.015208318596590506,CREAM CUPID HEARTS COAT HANGER
0.028365282591780436,CREAM HEART CARD HOLDER
0.014500954940935135,DECORATIVE WICKER HEART LARGE
0.012803282167362241,DECORATIVE WICKER HEART MEDIUM
0.012944754898493315,DELUXE SEWING KIT
0.01131781849048596,DINOSAURS  WRITING SET
0.031689891773360686,DOLLY GIRL LUNCH BOX
0.015703473155549267,DOORSTOP RETROSPOT HEART
0.015349791327721582,DOUGHNUT LIP GLOSS
0.010964136662658273,DRAWER KNOB CRACKLE GLAZE IVORY
0.010115300275871826,EASTER CRAFT 4 CHICKS
0.014359482209804061,EDWARDIAN PARASOL BLACK
0.0205135460140058,EDWARDIAN PARASOL NATURAL
0.01464242767206621,EDWARDIAN PARASOL RED
0.010398245738133974,EMBOSSED GLASS TEALIGHT HOLDER
0.028577491688477046,ENAMEL FLOWER JUG CREAM
0.02129164603522671,ENAMEL MEASURING JUG CREAM
0.010186036641437362,ENAMEL WATERING CAN CREAM
0.012520336705100091,ENCHANTED BIRD COATHANGER 5 HOOK
0.011176345759354884,ENGLISH ROSE GARDEN SECATEURS
0.01740114592912216,ENGLISH ROSE HOT WATER BOTTLE
0.012520336705100091,ENGLISH ROSE NOTEBOOK A7 SIZE
0.010398245738133974,FAIRY CAKE FLANNEL ASSORTED COLOUR
0.015774209521114805,"FANCY FONT BIRTHDAY CARD,"
0.014571691306500672,FANCY FONTS BIRTHDAY WRAP
0.019876918723915966,FAWN BLUE HOT WATER BOTTLE
0.028860437150739195,FELTCRAFT 6 FLOWER FRIENDS
0.028365282591780436,FELTCRAFT BUTTERFLY HEARTS
0.017825564122515385,FELTCRAFT CHRISTMAS FAIRY
0.018815873240432907,FELTCRAFT CUSHION BUTTERFLY
0.027092028011600763,FELTCRAFT CUSHION OWL
0.02100870057296456,FELTCRAFT CUSHION RABBIT
0.014713164037631746,FELTCRAFT DOLL EMILY
0.017613355025818775,FELTCRAFT DOLL MOLLY
0.015349791327721582,FELTCRAFT DOLL ROSIE
0.016057154983376953,FELTCRAFT GIRL AMELIE KIT
0.010893400297092735,FELTCRAFT GIRL NICOLE KIT
0.02539435523802787,FELTCRAFT PRINCESS CHARLOTTE DOLL
0.023272264271061754,FELTCRAFT PRINCESS LOLA DOLL
0.015491264058852657,FELTCRAFT PRINCESS OLIVIA DOLL
0.011247082124920421,FILIGRIS HEART WITH BUTTERFLY
0.01153002758718257,FINE WICKER HEART
0.013369173091886538,FLORAL FOLK STATIONERY SET
0.010822663931527199,FOOD CONTAINER SET 3 LOVE HEART
0.01641083681120464,FOUR HOOK  WHITE LOVEBIRDS
0.010610454834830587,FRENCH BATHROOM SIGN BLUE METAL
0.01358138218858315,FRENCH ENAMEL CANDLEHOLDER
0.013439909457452076,FRENCH WC SIGN BLUE METAL
0.010681191200396123,FUNKY WASHING UP GLOVES ASSORTED
0.013652118554148688,GAOLERS KEYS DECORATIVE GARDEN
0.04208813751149466,GARDENERS KNEELING PAD CUP OF TEA
0.04909103770248285,GARDENERS KNEELING PAD KEEP CALM
0.010893400297092735,GARLAND WOODEN HAPPY EASTER
0.019098818702695055,"frozenset({""GIANT 50'S CHRISTMAS CRACKER""})"
0.011176345759354884,GIN & TONIC DIET GREETING CARD
0.04180519204923251,GIN + TONIC DIET METAL SIGN
0.012520336705100091,GIN AND TONIC MUG
0.03239725542901606,GINGERBREAD MAN COOKIE CUTTER
0.01153002758718257,GINGHAM HEART  DOORSTOP RED
0.02072575511070241,GINGHAM HEART DECORATION
0.013722854919714225,GIRAFFE WOODEN RULER
0.010398245738133974,GLASS APOTHECARY BOTTLE ELIXIR
0.012874018532927778,GLASS APOTHECARY BOTTLE PERFUME
0.011883709415010256,GLASS APOTHECARY BOTTLE TONIC
0.011105609393789347,GLITTER BUTTERFLY CLIPS
0.011105609393789347,GLITTER HANGING BUTTERFLY STRING
0.013864327650845299,GRAND CHOCOLATECANDLE
0.04180519204923251,GREEN REGENCY TEACUP AND SAUCER
0.032963146353540355,GREY HEART HOT WATER BOTTLE
0.01230812760840348,GROW A FLYTRAP OR SUNFLOWER IN TIN
0.01103487302822381,GROW YOUR OWN BASIL IN ENAMEL MUG
0.028789700785173657,GUMBALL COAT RACK
0.0374195373841692,HAND OVER THE CHOCOLATE   SIGN
0.01740114592912216,HAND WARMER BABUSHKA DESIGN
0.030628846289877627,HAND WARMER BIRD DESIGN
0.03614628280398953,HAND WARMER OWL DESIGN
0.024545518851241423,HAND WARMER RED LOVE HEART
0.021857536959751008,HAND WARMER RED RETROSPOT
0.03027516446204994,HAND WARMER SCOTTY DOG DESIGN
0.029355591709697957,HAND WARMER UNION JACK
0.03147768267666407,HANGING HEART JAR T-LIGHT HOLDER
0.011600763952748108,HANGING HEART MIRROR DECORATION
0.024757727947938034,HANGING HEART ZINC T-LIGHT HOLDER
0.01563273678998373,HANGING JAM JAR T-LIGHT HOLDER
0.018391455047039682,HANGING METAL HEART LANTERN
0.010044563910306288,HANGING METAL STAR LANTERN
0.01619862771450803,HAPPY STENCIL CRAFT
0.011459291221617034,HEADS AND TAILS SPORTING FUN
0.015349791327721582,HEART FILIGREE DOVE  SMALL
0.014359482209804061,HEART FILIGREE DOVE LARGE
0.018320718681474144,HEART IVORY TRELLIS LARGE
0.014430218575369597,HEART IVORY TRELLIS SMALL
0.052910801443021856,HEART OF WICKER LARGE
0.05899412888165806,HEART OF WICKER SMALL
0.012449600339534555,HERB MARKER BASIL
0.011176345759354884,HERB MARKER CHIVES
0.012944754898493315,HERB MARKER MINT
0.012520336705100091,HERB MARKER PARSLEY
0.012732545801796703,HERB MARKER ROSEMARY
0.012520336705100091,HERB MARKER THYME
0.04647379217655797,HOME BUILDING BLOCK WORD
0.013439909457452076,HOME SWEET HOME CUSHION COVER
0.011671500318313646,HOME SWEET HOME HANGING HEART
0.015066845865459432,HOME SWEET HOME METAL SIGN
0.018391455047039682,HOME SWEET HOME MUG
0.030982528117705313,HOMEMADE JAM SCENTED CANDLES
0.02390889156115159,HOT BATHS METAL SIGN
0.03359977364363019,HOT WATER BOTTLE I AM SO POORLY
0.04817146495013086,HOT WATER BOTTLE KEEP CALM
0.03331682818136804,HOT WATER BOTTLE TEA AND SYMPATHY
0.021928273325316546,"frozenset({""I'M ON HOLIDAY METAL SIGN""})"
0.011247082124920421,ICE CREAM PEN LIP GLOSS
0.012095918511706868,ICE CREAM SUNDAE LIP GLOSS
0.012166654877272406,IVORY GIANT GARDEN THERMOMETER
0.013722854919714225,IVORY HANGING DECORATION  HEART
0.010044563910306288,IVORY SWEETHEART WIRE LETTER RACK
0.017896300488080923,IVORY WICKER HEART LARGE
0.014147273113107449,IVORY WICKER HEART MEDIUM
0.01103487302822381,JAM JAR WITH GREEN LID
0.011742236683879182,JAM JAR WITH PINK LID
0.04795925585343425,JAM MAKING SET PRINTED
0.0501520831859659,JAM MAKING SET WITH JARS
0.01202518214614133,JAZZ HEARTS ADDRESS BOOK
0.01513758223102497,JAZZ HEARTS PURSE NOTEBOOK
0.013015491264058853,JINGLE BELL HEART ANTIQUE SILVER
0.02072575511070241,JINGLE BELL HEART DECORATION
0.038834264695479945,JUMBO  BAG BAROQUE BLACK WHITE
0.03416566456815449,"frozenset({""JUMBO BAG 50'S CHRISTMAS""})"
0.044988328499681686,JUMBO BAG ALPHABET
0.03897573742661102,JUMBO BAG APPLES
0.026243191624814317,JUMBO BAG DOILEY PATTERNS
0.020018391455047038,JUMBO BAG DOLLY GIRL DESIGN
0.02256490061540638,JUMBO BAG OWLS
0.017825564122515385,JUMBO BAG PAISLEY PARK
0.027374973473862915,JUMBO BAG PEARS
0.05050576501379359,JUMBO BAG PINK POLKADOT
0.03565112824503077,JUMBO BAG PINK VINTAGE PAISLEY
0.08346891136733395,JUMBO BAG RED RETROSPOT
0.026809082549338614,JUMBO BAG SCANDINAVIAN BLUE PAISLEY
0.02695055528046969,JUMBO BAG SPACEBOY DESIGN
0.03763174648086581,JUMBO BAG STRAWBERRY
0.015066845865459432,JUMBO BAG TOYS
0.024262573388979275,JUMBO BAG VINTAGE CHRISTMAS
0.03621701916955507,JUMBO BAG VINTAGE DOILY
0.04668600127325458,JUMBO BAG VINTAGE LEAF
0.02383815519558605,JUMBO BAG WOODLAND ANIMALS
0.04923251043361392,JUMBO SHOPPER VINTAGE RED PAISLEY
0.029780009903091178,JUMBO STORAGE BAG SKULLS
0.046261583079861356,JUMBO STORAGE BAG SUKI
0.01612789134894249,"KEY FOB , BACK DOOR"
0.01103487302822381,"KEY FOB , FRONT  DOOR"
0.017896300488080923,"KEY FOB , SHED"
0.014854636768762822,KITCHEN METAL SIGN
0.012237391242837943,KNEELING MAT HOUSEWORK  DESIGN
0.020867227841833487,KNITTED UNION FLAG HOT WATER BOTTLE
0.02306005517436514,LADIES & GENTLEMEN METAL SIGN
0.016269364080073567,LANTERN CREAM GAZEBO
0.013510645823017614,LARGE CERAMIC TOP STORAGE JAR
0.013156963995189928,LARGE HEART MEASURING SPOONS
0.034731555492678784,LARGE WHITE HEART OF WICKER
0.016764518639032326,LAUNDRY 15C METAL SIGN
0.015420527693287119,LONDON BUS COFFEE MUG
0.03763174648086581,LOVE BUILDING BLOCK WORD
0.030133691730918864,LOVE HOT WATER BOTTLE
0.02079649147626795,LOVEBIRD HANGING DECORATION WHITE
0.0670580745561293,LUNCH BAG  BLACK SKULL.
0.04060267383461838,LUNCH BAG ALPHABET DESIGN
0.04951545589587607,LUNCH BAG APPLE DESIGN
0.05970149253731343,LUNCH BAG CARS BLUE
0.0271627643771663,LUNCH BAG DOILEY PATTERN
0.03614628280398953,LUNCH BAG DOLLY GIRL DESIGN
0.01846219141260522,LUNCH BAG PAISLEY PARK
0.05757940157034731,LUNCH BAG PINK POLKADOT
0.07384876565042088,LUNCH BAG RED RETROSPOT
0.060691801655230956,LUNCH BAG SPACEBOY DESIGN
0.05673056518356087,LUNCH BAG SUKI DESIGN
0.03239725542901606,LUNCH BAG VINTAGE DOILY
0.037065855556341516,LUNCH BAG VINTAGE LEAF DESIGN
0.04619084671429582,LUNCH BAG WOODLAND
0.02744570983942845,LUNCH BOX I LOVE LONDON
0.014500954940935135,LUNCH BOX WITH CUTLERY RETROSPOT
0.010822663931527199,MAGIC DRAWING SLATE DOLLY GIRL
0.011388554856051496,MAGIC DRAWING SLATE SPACEBOY
0.01230812760840348,MAGNETS PACK OF 4 SWALLOWS
0.010186036641437362,MAN FLU METAL SIGN
0.010751927565961661,MEDIUM CERAMIC TOP STORAGE JAR
0.014430218575369597,MEMO BOARD COTTAGE DESIGN
0.02129164603522671,MEMO BOARD RETROSPOT  DESIGN
0.021220909669661173,METAL 4 HOOK HANGER FRENCH CHATEAU
0.011105609393789347,METAL SIGN DROP YOUR PANTS
0.012237391242837943,METAL SIGN EMPIRE TEA
0.021716064228619932,METAL SIGN TAKE IT OR LEAVE IT
0.015066845865459432,MINIATURE ANTIQUE ROSE HOOK IVORY
0.010539718469265049,MISTLETOE HEART WREATH GREEN
0.011176345759354884,MODERN FLORAL STATIONERY SET
0.012520336705100091,MONSTERS STENCIL CRAFT
0.015279054962156044,MULTI COLOUR SILVER T-LIGHT HOLDER
0.020089127820612576,NATURAL SLATE CHALKBOARD LARGE
0.06366272900898352,NATURAL SLATE HEART CHALKBOARD
0.020159864186178114,NATURAL SLATE RECTANGLE CHALKBOARD
0.010964136662658273,NO JUNK MAIL METAL SIGN
0.02390889156115159,NO SINGING METAL SIGN
0.020230600551743652,OPEN CLOSED METAL SIGN
0.011954445780575794,PACK OF 12 COLOURED PENCILS
0.022706373346537453,PACK OF 12 HEARTS DESIGN TISSUES
0.019593973261653817,PACK OF 12 LONDON TISSUES
0.01358138218858315,PACK OF 12 RED RETROSPOT TISSUES
0.010186036641437362,PACK OF 12 SKULL TISSUES
0.01619862771450803,PACK OF 12 SUKI TISSUES
0.01817924595034307,PACK OF 12 TRADITIONAL CRAYONS
0.031194737214401923,PACK OF 20 NAPKINS PANTRY DESIGN
0.016057154983376953,PACK OF 20 NAPKINS RED APPLES
0.011105609393789347,PACK OF 20 SKULL PAPER NAPKINS
0.01796703685364646,PACK OF 6 BIRDY GIFT TAGS
0.03204357360118837,PACK OF 60 DINOSAUR CAKE CASES
0.014288745844238523,PACK OF 60 MUSHROOM CAKE CASES
0.03777321921199689,PACK OF 60 PINK PAISLEY CAKE CASES
0.022918582443234067,PACK OF 60 SPACEBOY CAKE CASES
0.05517436514111905,PACK OF 72 RETROSPOT CAKE CASES
0.027870128032821673,PACK OF 72 SKULL CAKE CASES
0.010893400297092735,PACK OF SIX LED TEA LIGHTS
0.011459291221617034,PAINT YOUR OWN CANVAS SET
0.02284784607766853,PAINTED METAL PEARS ASSORTED
0.021503855131923322,PANTRY MAGNETIC  SHOPPING LIST
0.011388554856051496,PANTRY ROLLING PIN
0.014430218575369597,PANTRY SCRUBBING BRUSH
0.017613355025818775,PANTRY WASHING UP BRUSH
0.029567800806394567,PAPER BUNTING RETROSPOT
0.01131781849048596,PAPER BUNTING VINTAGE PAISLEY
0.01358138218858315,PAPER BUNTING WHITE LACE
0.057367192473650706,"frozenset({""PAPER CHAIN KIT 50'S CHRISTMAS""})"
0.02306005517436514,PAPER CHAIN KIT EMPIRE
0.027021291646035228,PAPER CHAIN KIT RETROSPOT
0.041239301124708215,PAPER CHAIN KIT VINTAGE CHRISTMAS
0.010822663931527199,PARISIENNE CURIO CABINET
0.01358138218858315,PARISIENNE JEWELLERY DRAWER
0.013369173091886538,PARISIENNE KEY CABINET
0.0828322840772441,PARTY BUNTING
0.024262573388979275,PARTY METAL SIGN
0.013652118554148688,PEG BAG APPLES DESIGN
0.02949706444082903,PHOTO FRAME CORNICE
0.014854636768762822,PICNIC BASKET WICKER SMALL
0.014218009478672985,PICTURE DOMINOES
0.014925373134328358,PICTURE FRAME WOOD TRIPLE PORTRAIT
0.014288745844238523,PIGGY BANK RETROSPOT
0.010468982103699512,PINK  POLKADOT CUP
0.01103487302822381,PINK BABY BUNTING
0.028718964419608122,PINK BLUE FELT CRAFT TRINKET BOX
0.03444861003041664,PINK CREAM FELT CRAFT TRINKET BOX
0.010398245738133974,PINK DRAWER KNOB ACRYLIC EDWARDIAN
0.024333309754544813,PINK FAIRY CAKE CHILDRENS APRON
0.014996109499893896,PINK FLORAL FELTCRAFT SHOULDER BAG
0.021150173304095635,PINK HAPPY BIRTHDAY BUNTING
0.010751927565961661,PINK HEART SHAPE EGG FRYING PAN
0.011105609393789347,PINK POLKADOT BOWL
0.01181297304944472,PINK POLKADOT WRAP
0.033387564546933576,PINK REGENCY TEACUP AND SAUCER
0.017613355025818775,PINK VINTAGE PAISLEY PICNIC BAG
0.015491264058852657,PLACE SETTING WHITE HEART
0.02256490061540638,PLASTERS IN TIN CIRCUS PARADE
0.02610171889368324,PLASTERS IN TIN SKULLS
0.028294546226214898,PLASTERS IN TIN SPACEBOY
0.02256490061540638,PLASTERS IN TIN STRONGMAN
0.028718964419608122,PLASTERS IN TIN VINTAGE PAISLEY
0.02638466435594539,PLASTERS IN TIN WOODLAND ANIMALS
0.012591073070665629,PLAYING CARDS JUBILEE UNION JACK
0.02178680059418547,PLAYING CARDS KEEP CALM & CARRY ON
0.040885619296880525,PLEASE ONE PERSON METAL SIGN
0.010964136662658273,POLYESTER FILLER PAD 40X40CM
0.030841055386574237,POPCORN HOLDER
0.018108509584777534,"frozenset({""POPPY'S PLAYHOUSE BEDROOM""})"
0.019947655089481504,"frozenset({""POPPY'S PLAYHOUSE KITCHEN""})"
0.014571691306500672,"frozenset({""POPPY'S PLAYHOUSE LIVINGROOM""})"
0.024828464313503572,POTTERING IN THE SHED METAL SIGN
0.012237391242837943,POTTERING MUG
0.015491264058852657,POTTING SHED TEA MUG
0.014005800381976375,QUEENS GUARD COFFEE MUG
0.038056164674259034,RABBIT NIGHT LIGHT
0.014713164037631746,RECIPE BOX BLUE SKETCHBOOK DESIGN
0.05142533776614557,RECIPE BOX PANTRY YELLOW DESIGN
0.02695055528046969,RECIPE BOX RETROSPOT
0.023979627926717127,RECYCLING BAG RETROSPOT
0.028931173516304733,RED  HARMONICA IN BOX
0.016905991370163402,RED FLORAL FELTCRAFT SHOULDER BAG
0.012237391242837943,RED GINGHAM ROSE JEWELLERY BOX
0.04081488293131499,RED HANGING HEART T-LIGHT HOLDER
0.014713164037631746,RED RETROSPOT BOWL
0.012449600339534555,RED RETROSPOT BUTTER DISH
0.039683101082266393,RED RETROSPOT CHARLOTTE BAG
0.013510645823017614,RED RETROSPOT CUP
0.014571691306500672,RED RETROSPOT OVEN GLOVE
0.02284784607766853,RED RETROSPOT PEG BAG
0.020089127820612576,RED RETROSPOT PICNIC BAG
0.010398245738133974,RED RETROSPOT PLATE
0.02306005517436514,RED RETROSPOT SHOPPER BAG
0.01874513687486737,RED RETROSPOT SMALL MILK JUG
0.011600763952748108,RED RETROSPOT SUGAR JAM BOWL
0.01612789134894249,RED RETROSPOT UMBRELLA
0.018815873240432907,RED RETROSPOT WRAP
0.015986418617811415,RED SPOT CERAMIC DRAWER KNOB
0.0102567730070029,RED SPOTTY BISCUIT TIN
0.018957345971563982,RED STRIPE CERAMIC DRAWER KNOB
0.021645327863054398,RED TOADSTOOL LED NIGHT LIGHT
0.019806182358350428,RED WOOLLY HOTTIE WHITE HEART.
0.014783900403197284,REGENCY MILK JUG PINK
0.013935064016410837,REGENCY SUGAR BOWL GREEN
0.014359482209804061,REGENCY TEA PLATE GREEN
0.011671500318313646,REGENCY TEA PLATE PINK
0.016835255004597864,REGENCY TEA PLATE ROSES
0.014713164037631746,RETROSPOT CHILDRENS APRON
0.013935064016410837,RETROSPOT CIGAR BOX MATCHES
0.033387564546933576,RETROSPOT HEART HOT WATER BOTTLE
0.01931102779939167,RETROSPOT LARGE MILK JUG
0.011247082124920421,RETROSPOT PARTY BAG + STICKER SET
0.01513758223102497,RETROSPOT RED WASHING UP GLOVES
0.04725189219777888,RETROSPOT TEA SET CERAMIC 11 PC
0.010681191200396123,RETROSPOT WOODEN HEART DECORATION
0.015703473155549267,REVOLVER WOODEN RULER
0.05920633797835467,REX CASH+CARRY JUMBO SHOPPER
0.01181297304944472,RIBBON REEL CHRISTMAS PRESENT
0.01230812760840348,RIBBON REEL CHRISTMAS SOCK BAUBLE
0.014359482209804061,RIBBON REEL HEARTS DESIGN
0.010964136662658273,RIBBON REEL SNOWY VILLAGE
0.02157459149748886,RIBBON REEL STRIPES DESIGN
0.014147273113107449,ROBOT BIRTHDAY CARD
0.016976727735728937,"frozenset({""ROLL WRAP 50'S CHRISTMAS""})"
0.010681191200396123,"frozenset({""ROLL WRAP 50'S RED CHRISTMAS""})"
0.015349791327721582,ROLL WRAP VINTAGE CHRISTMAS
0.015703473155549267,ROLL WRAP VINTAGE SPOT
0.012803282167362241,ROMANTIC PINKS RIBBONS
0.04569569215533706,ROSES REGENCY TEACUP AND SAUCER
0.016905991370163402,ROTATING SILVER ANGELS T-LIGHT HLDR
0.018603664143736296,ROUND SNACK BOXES SET OF 4 FRUITS
0.02072575511070241,ROUND SNACK BOXES SET OF4 WOODLAND
0.011105609393789347,S/6 WOODEN SKITTLES IN COTTON BAG
0.016693782273466788,SAVE THE PLANET MUG
0.019947655089481504,SCANDINAVIAN PAISLEY PICNIC BAG
0.02058428237957134,SCANDINAVIAN REDS RIBBONS
0.043007710263846644,SCOTTIE DOG HOT WATER BOTTLE
0.010539718469265049,SET 12 COLOUR PENCILS DOLLY GIRL
0.014005800381976375,SET 12 COLOUR PENCILS SPACEBOY
0.011105609393789347,SET 12 KIDS  WHITE CHALK STICKS
0.016693782273466788,SET 12 KIDS COLOUR  CHALK STICKS
0.015774209521114805,SET 12 RETRO WHITE CHALK STICKS
0.017613355025818775,SET 2 PANTRY DESIGN TEA TOWELS
0.022211218787578695,SET 2 TEA TOWELS I LOVE LONDON
0.017825564122515385,SET 20 NAPKINS FAIRY CAKES DESIGN
0.010115300275871826,SET 3 PAPER VINTAGE CHICK PAPER EGG
0.01308622762962439,"SET 3 RETROSPOT TEA,COFFEE,SUGAR"
0.016623045907901254,SET 6 PAPER TABLE LANTERN HEARTS
0.013156963995189928,SET 6 PAPER TABLE LANTERN STARS
0.017896300488080923,SET 6 SCHOOL MILK BOTTLES IN CRATE
0.018391455047039682,SET OF 10 LED DOLLY LIGHTS
0.026030982528117707,SET OF 12 FAIRY CAKE BAKING CASES
0.02058428237957134,SET OF 12 MINI LOAF BAKING CASES
0.012166654877272406,SET OF 2 TEA TOWELS APPLE AND PEARS
0.02405036429228266,SET OF 20 KIDS COOKIE CUTTERS
0.029850746268656716,SET OF 20 VINTAGE CHRISTMAS NAPKINS
0.031124000848836385,SET OF 3 BUTTERFLY COOKIE CUTTERS
0.06868501096413666,SET OF 3 CAKE TINS PANTRY DESIGN
0.015279054962156044,SET OF 3 CAKE TINS SKETCHBOOK
0.016976727735728937,SET OF 3 HANGING OWLS OLLIE BEAK
0.03232651906345052,SET OF 3 HEART COOKIE CUTTERS
0.018532927778170758,SET OF 3 NOTEBOOKS IN PARCEL
0.03869279196434887,SET OF 3 REGENCY CAKE TINS
0.025606564334724483,SET OF 3 WOODEN HEART DECORATIONS
0.01563273678998373,SET OF 3 WOODEN SLEIGH DECORATIONS
0.0174718822946877,SET OF 3 WOODEN STOCKING DECORATION
0.016057154983376953,SET OF 3 WOODEN TREE DECORATIONS
0.010681191200396123,SET OF 36 DOILIES PANTRY DESIGN
0.013793591285279762,SET OF 36 PAISLEY FLOWER DOILIES
0.013864327650845299,SET OF 36 TEATIME PAPER DOILIES
0.012944754898493315,SET OF 4 JAM JAR MAGNETS
0.01718893683242555,SET OF 4 KNICK KNACK TINS DOILY
0.013015491264058853,SET OF 4 KNICK KNACK TINS LONDON
0.05262785598075971,SET OF 4 PANTRY JELLY MOULDS
0.010327509372568438,SET OF 5 LUCKY CAT MAGNETS
0.010964136662658273,SET OF 5 MINI GROCERY MAGNETS
0.014996109499893896,SET OF 6 HERB TINS SKETCHBOOK
0.020018391455047038,SET OF 6 RIBBONS VINTAGE CHRISTMAS
0.016835255004597864,SET OF 6 SNACK LOAF BAKING CASES
0.01973544599278489,SET OF 6 SOLDIER SKITTLES
0.04116856475914268,SET OF 6 SPICE TINS PANTRY DESIGN
0.010893400297092735,SET OF 6 T-LIGHTS SANTA
0.01768409139138431,SET OF 6 TEA TIME BAKING CASES
0.016835255004597864,SET OF 60 I LOVE LONDON CAKE CASES
0.028718964419608122,SET OF 60 PANTRY DESIGN CAKE CASES
0.01725967319799109,SET OF 60 VINTAGE LEAF CAKE CASES
0.01768409139138431,SET OF 72 PINK HEART PAPER DOILIES
0.019028082337129517,SET OF 72 RETROSPOT PAPER  DOILIES
0.011388554856051496,SET OF 9 HEART SHAPED BALLOONS
0.010681191200396123,SET OF SALT AND PEPPER TOADSTOOLS
0.021433118766357784,SET OF TEA COFFEE SUGAR TINS PANTRY
0.012095918511706868,SET/10 BLUE POLKADOT PARTY CANDLES
0.016693782273466788,SET/10 PINK POLKADOT PARTY CANDLES
0.017754827756949847,SET/10 RED POLKADOT PARTY CANDLES
0.012449600339534555,SET/2 RED RETROSPOT TEA TOWELS
0.03763174648086581,SET/20 RED RETROSPOT PAPER NAPKINS
0.011883709415010256,SET/20 STRAWBERRY PAPER NAPKINS
0.018320718681474144,SET/3 RED GINGHAM ROSE STORAGE BOX
0.046332319445426894,SET/5 RED RETROSPOT LID GLASS BOWLS
0.010964136662658273,SET/6 RED SPOTTY PAPER CUPS
0.012520336705100091,SET/6 RED SPOTTY PAPER PLATES
0.010327509372568438,SET3 BOOK BOX GREEN GINGHAM FLOWER
0.013935064016410837,SILVER BELLS TABLE DECORATION
0.01513758223102497,SILVER HANGING T-LIGHT HOLDER
0.01181297304944472,SILVER STARS TABLE DECORATION
0.016481573176770178,SINGLE ANTIQUE ROSE HOOK IVORY
0.02030133691730919,SINGLE HEART ZINC T-LIGHT HOLDER
0.010398245738133974,SKETCHBOOK MAGNETIC SHOPPING LIST
0.014288745844238523,SKULL LUNCH BOX WITH CUTLERY
0.010186036641437362,SKULLS WRITING SET
0.010044563910306288,SMALL CHOCOLATES PINK BOWL
0.02263563698097192,SMALL DOLLY MIX DESIGN ORANGE BOWL
0.02157459149748886,SMALL GLASS HEART TRINKET POT
0.01563273678998373,SMALL HEART MEASURING SPOONS
0.018108509584777534,SMALL MARSHMALLOWS PINK BOWL
0.02030133691730919,SMALL POPCORN HOLDER
0.012449600339534555,SMALL PURPLE BABUSHKA NOTEBOOK
0.012378863973969017,SMALL RED BABUSHKA NOTEBOOK
0.039187946523307635,SMALL WHITE HEART OF WICKER
0.010681191200396123,SMALL YELLOW BABUSHKA NOTEBOOK
0.019169555068260593,SOLDIERS EGG CUP
0.020018391455047038,SPACEBOY BIRTHDAY CARD
0.010964136662658273,SPACEBOY GIFT WRAP
0.033741246374761266,SPACEBOY LUNCH BOX
0.010468982103699512,SPACEBOY MINI BACKPACK
0.0615406380420174,SPOTTY BUNTING
0.012095918511706868,STRAWBERRY   PICNIC BAG
0.028294546226214898,STRAWBERRY CERAMIC TRINKET BOX
0.028789700785173657,STRAWBERRY CHARLOTTE BAG
0.02079649147626795,STRAWBERRY LUNCH BOX WITH CUTLERY
0.014713164037631746,STRAWBERRY SHOPPER BAG
0.012378863973969017,SUKI  SHOULDER BAG
0.015208318596590506,SWALLOWS GREETING CARD
0.02263563698097192,SWEETHEART CERAMIC TRINKET BOX
0.018108509584777534,SWEETHEART RECIPE BOOK STAND
0.013439909457452076,T-LIGHT GLASS FLUTED ANTIQUE
0.014925373134328358,TEA BAG PLATE RED RETROSPOT
0.012874018532927778,TEA PARTY BIRTHDAY CARD
0.013652118554148688,TEA TIME OVEN GLOVE
0.01945250053052274,TEA TIME PARTY BUNTING
0.019876918723915966,TOILET METAL SIGN
0.017118200466860013,TOILET SIGN OCCUPIED OR VACANT
0.017542618660253237,TOY TIDY PINK POLKADOT
0.011954445780575794,TOY TIDY SPACEBOY
0.017330409563556623,TRADITIONAL CHRISTMAS RIBBONS
0.03197283723562283,TRADITIONAL KNITTING NANCY
0.020442809648440263,TRADITIONAL MODELLING CLAY
0.013864327650845299,TRADITIONAL NAUGHTS & CROSSES
0.01513758223102497,TRADITIONAL PICK UP STICKS GAME
0.018320718681474144,TRADITIONAL WOODEN CATCH CUP GAME
0.020230600551743652,TRADITIONAL WOODEN SKIPPING ROPE
0.010115300275871826,TRADTIONAL ALPHABET STAMP SET
0.010044563910306288,TRAVEL CARD WALLET I LOVE LONDON
0.027021291646035228,TRAVEL CARD WALLET KEEP CALM
0.010398245738133974,TRAVEL CARD WALLET RETROSPOT
0.012237391242837943,TRAVEL CARD WALLET SUKI
0.012803282167362241,TRAVEL CARD WALLET TRANSPORT
0.012166654877272406,TRAVEL CARD WALLET UNION JACK
0.01952323689608828,TRAVEL CARD WALLET VINTAGE TICKET
0.023413737002192826,TRAVEL SEWING KIT
0.013156963995189928,TREASURE ISLAND BOOK BOX
0.01131781849048596,TREASURE TIN BUFFALO BILL
0.016905991370163402,TREASURE TIN GYMKHANA DESIGN
0.013722854919714225,TRIPLE HOOK ANTIQUE IVORY ROSE
0.04442243757515739,VICTORIAN GLASS HANGING T-LIGHT
0.015066845865459432,VICTORIAN SEWING BOX SMALL
0.023413737002192826,VINTAGE CHRISTMAS BUNTING
0.012803282167362241,VINTAGE CHRISTMAS GIFT SACK
0.01768409139138431,VINTAGE CHRISTMAS STOCKING
0.013935064016410837,VINTAGE CREAM CAT FOOD CONTAINER
0.010610454834830587,VINTAGE DOILY DELUXE SEWING KIT
0.014218009478672985,VINTAGE DOILY JUMBO BAG RED
0.021220909669661173,VINTAGE DOILY TRAVEL SEWING KIT
0.011954445780575794,VINTAGE DONKEY TAIL GAME
0.02900190988187027,VINTAGE HEADS AND TAILS CARD GAME
0.012661809436231167,VINTAGE LEAF MAGNETIC NOTEPAD
0.01308622762962439,VINTAGE PAISLEY STATIONERY SET
0.01619862771450803,VINTAGE SNAKES & LADDERS
0.044705383037419534,VINTAGE SNAP CARDS
0.01931102779939167,WASHROOM METAL SIGN
0.015774209521114805,WATERING CAN BLUE ELEPHANT
0.011600763952748108,WATERING CAN GREEN DINOSAUR
0.012591073070665629,WATERING CAN PINK BUNNY
0.10971210299214826,WHITE HANGING HEART T-LIGHT HOLDER
0.015774209521114805,WHITE METAL LANTERN
0.024757727947938034,WHITE SKULL HOT WATER BOTTLE
0.016057154983376953,WHITE SPOT BLUE CERAMIC DRAWER KNOB
0.016764518639032326,WHITE SPOT RED CERAMIC DRAWER KNOB
0.018532927778170758,WHITE WICKER STAR
0.02072575511070241,WICKER STAR
0.034236400933720025,WOOD 2 DRAWER CABINET WHITE FINISH
0.010964136662658273,WOOD BLACK BOARD ANT WHITE FINISH
0.013156963995189928,WOOD STAMP SET THANK YOU
0.02822380986064936,WOODEN BOX OF DOMINOES
0.053759637829808304,WOODEN FRAME ANTIQUE WHITE
0.01308622762962439,WOODEN HAPPY BIRTHDAY GARLAND
0.026738346183773076,WOODEN HEART CHRISTMAS SCANDINAVIAN
0.0560232015279055,WOODEN PICTURE FRAME WHITE FINISH
0.02362594609888944,WOODEN SCHOOL COLOURING SET
0.02588950979698663,WOODEN STAR CHRISTMAS SCANDINAVIAN
0.01641083681120464,WOODEN TREE CHRISTMAS SCANDINAVIAN
0.019593973261653817,WOODEN UNION JACK BUNTING
0.024545518851241423,WOODLAND CHARLOTTE BAG
0.013156963995189928,WRAP ALPHABET DESIGN
0.014571691306500672,WRAP ENGLISH ROSE
0.021645327863054398,"frozenset({""YOU'RE CONFUSING ME METAL SIGN""})"
0.020442809648440263,ZINC FOLKART SLEIGH BELLS
0.012661809436231167,ZINC HERB GARDEN CONTAINER
0.030841055386574237,ZINC METAL HEART DECORATION
0.014005800381976375,ZINC T-LIGHT HOLDER STARS SMALL
0.011600763952748108,ZINC WILLIE WINKIE  CANDLE STICK
0.010681191200396123,"60 CAKE CASES DOLLY GIRL DESIGN', 'PACK OF 72 RETROSPOT CAKE CASES"
0.010681191200396123,"SET OF 20 VINTAGE CHRISTMAS NAPKINS', '60 CAKE CASES VINTAGE CHRISTMAS"
0.012944754898493315,"60 TEATIME FAIRY CAKE CASES', '72 SWEETHEART FAIRY CAKE CASES"
0.01358138218858315,"60 TEATIME FAIRY CAKE CASES', 'PACK OF 60 DINOSAUR CAKE CASES"
0.016340100445639102,"PACK OF 60 PINK PAISLEY CAKE CASES', '60 TEATIME FAIRY CAKE CASES"
0.010115300275871826,"60 TEATIME FAIRY CAKE CASES', 'PACK OF 60 SPACEBOY CAKE CASES"
0.01924029143382613,"60 TEATIME FAIRY CAKE CASES', 'PACK OF 72 RETROSPOT CAKE CASES"
0.011671500318313646,"72 SWEETHEART FAIRY CAKE CASES', 'PACK OF 60 DINOSAUR CAKE CASES"
0.010893400297092735,"PACK OF 60 PINK PAISLEY CAKE CASES', '72 SWEETHEART FAIRY CAKE CASES"
0.012591073070665629,"72 SWEETHEART FAIRY CAKE CASES', 'PACK OF 72 RETROSPOT CAKE CASES"
0.012449600339534555,"ALARM CLOCK BAKELIKE GREEN', 'ALARM CLOCK BAKELIKE CHOCOLATE"
0.012944754898493315,"ALARM CLOCK BAKELIKE RED', 'ALARM CLOCK BAKELIKE CHOCOLATE"
0.017330409563556623,"ALARM CLOCK BAKELIKE GREEN', 'ALARM CLOCK BAKELIKE IVORY"
0.013015491264058853,"ALARM CLOCK BAKELIKE ORANGE', 'ALARM CLOCK BAKELIKE GREEN"
0.019098818702695055,"ALARM CLOCK BAKELIKE PINK', 'ALARM CLOCK BAKELIKE GREEN"
0.031194737214401923,"ALARM CLOCK BAKELIKE RED', 'ALARM CLOCK BAKELIKE GREEN"
0.014076536747541911,"ALARM CLOCK BAKELIKE PINK', 'ALARM CLOCK BAKELIKE IVORY"
0.019593973261653817,"ALARM CLOCK BAKELIKE RED', 'ALARM CLOCK BAKELIKE IVORY"
0.0102567730070029,"ALARM CLOCK BAKELIKE PINK', 'ALARM CLOCK BAKELIKE ORANGE"
0.014430218575369597,"ALARM CLOCK BAKELIKE ORANGE', 'ALARM CLOCK BAKELIKE RED"
0.021999009690882084,"ALARM CLOCK BAKELIKE PINK', 'ALARM CLOCK BAKELIKE RED"
0.015208318596590506,"PAINTED METAL PEARS ASSORTED', 'ASSORTED COLOUR BIRD ORNAMENT"
0.013793591285279762,"WHITE HANGING HEART T-LIGHT HOLDER', 'ASSORTED COLOUR BIRD ORNAMENT"
0.01740114592912216,"BAKING SET SPACEBOY DESIGN', 'BAKING SET 9 PIECE RETROSPOT"
0.01230812760840348,"RETROSPOT TEA SET CERAMIC 11 PC', 'BAKING SET 9 PIECE RETROSPOT"
0.011742236683879182,"BATHROOM METAL SIGN', 'KITCHEN METAL SIGN"
0.014925373134328358,"TOILET METAL SIGN', 'BATHROOM METAL SIGN"
0.014996109499893896,"BLUE HAPPY BIRTHDAY BUNTING', 'PINK HAPPY BIRTHDAY BUNTING"
0.015066845865459432,"BLUE HARMONICA IN BOX', 'RED  HARMONICA IN BOX"
0.010398245738133974,"BLUE STRIPE CERAMIC DRAWER KNOB', 'BLUE SPOT CERAMIC DRAWER KNOB"
0.01202518214614133,"BLUE STRIPE CERAMIC DRAWER KNOB', 'RED STRIPE CERAMIC DRAWER KNOB"
0.015066845865459432,"WHITE HANGING HEART T-LIGHT HOLDER', 'CANDLEHOLDER PINK HANGING HEART"
0.011176345759354884,"CHARLOTTE BAG APPLES DESIGN', 'RED RETROSPOT CHARLOTTE BAG"
0.010398245738133974,"CHARLOTTE BAG DOLLY GIRL DESIGN', 'RED RETROSPOT CHARLOTTE BAG"
0.012803282167362241,"CHARLOTTE BAG PINK POLKADOT', 'CHARLOTTE BAG SUKI DESIGN"
0.010044563910306288,"LUNCH BAG RED RETROSPOT', 'CHARLOTTE BAG PINK POLKADOT"
0.018108509584777534,"CHARLOTTE BAG PINK POLKADOT', 'RED RETROSPOT CHARLOTTE BAG"
0.01230812760840348,"STRAWBERRY CHARLOTTE BAG', 'CHARLOTTE BAG PINK POLKADOT"
0.010186036641437362,"CHARLOTTE BAG PINK POLKADOT', 'WOODLAND CHARLOTTE BAG"
0.011105609393789347,"LUNCH BAG RED RETROSPOT', 'CHARLOTTE BAG SUKI DESIGN"
0.010186036641437362,"LUNCH BAG SUKI DESIGN', 'CHARLOTTE BAG SUKI DESIGN"
0.01740114592912216,"CHARLOTTE BAG SUKI DESIGN', 'RED RETROSPOT CHARLOTTE BAG"
0.013652118554148688,"STRAWBERRY CHARLOTTE BAG', 'CHARLOTTE BAG SUKI DESIGN"
0.012874018532927778,"CHARLOTTE BAG SUKI DESIGN', 'WOODLAND CHARLOTTE BAG"
0.011459291221617034,"PINK FAIRY CAKE CHILDRENS APRON', 'CHILDRENS APRON SPACEBOY DESIGN"
0.01931102779939167,"HOT WATER BOTTLE I AM SO POORLY', 'CHOCOLATE HOT WATER BOTTLE"
0.016764518639032326,"CHOCOLATE HOT WATER BOTTLE', 'HOT WATER BOTTLE KEEP CALM"
0.01725967319799109,"HOT WATER BOTTLE TEA AND SYMPATHY', 'CHOCOLATE HOT WATER BOTTLE"
0.011600763952748108,"RETROSPOT HEART HOT WATER BOTTLE', 'CHOCOLATE HOT WATER BOTTLE"
0.01612789134894249,"CHOCOLATE HOT WATER BOTTLE', 'SCOTTIE DOG HOT WATER BOTTLE"
0.010822663931527199,"CHOCOLATE THIS WAY METAL SIGN', 'HAND OVER THE CHOCOLATE   SIGN"
0.01230812760840348,"CHRISTMAS CRAFT LITTLE FRIENDS', 'CHRISTMAS CRAFT TREE TOP ANGEL"
0.012803282167362241,"CHRISTMAS CRAFT LITTLE FRIENDS', 'CHRISTMAS CRAFT WHITE FAIRY"
0.010327509372568438,"CHRISTMAS CRAFT WHITE FAIRY', 'CHRISTMAS CRAFT TREE TOP ANGEL"
0.017118200466860013,"COOK WITH WINE METAL SIGN', 'GIN + TONIC DIET METAL SIGN"
0.015986418617811415,"COOK WITH WINE METAL SIGN', 'HAND OVER THE CHOCOLATE   SIGN"
0.01513758223102497,"COOK WITH WINE METAL SIGN', 'PLEASE ONE PERSON METAL SIGN"
0.021079436938530097,"SPACEBOY LUNCH BOX', 'DOLLY GIRL LUNCH BOX"
0.01103487302822381,"FELTCRAFT CUSHION BUTTERFLY', 'FELTCRAFT CUSHION OWL"
0.012874018532927778,"FELTCRAFT CUSHION RABBIT', 'FELTCRAFT CUSHION BUTTERFLY"
0.012874018532927778,"FELTCRAFT CUSHION RABBIT', 'FELTCRAFT CUSHION OWL"
0.014854636768762822,"FELTCRAFT PRINCESS CHARLOTTE DOLL', 'FELTCRAFT PRINCESS LOLA DOLL"
0.0102567730070029,"FELTCRAFT PRINCESS CHARLOTTE DOLL', 'FELTCRAFT PRINCESS OLIVIA DOLL"
0.010610454834830587,"FELTCRAFT PRINCESS OLIVIA DOLL', 'FELTCRAFT PRINCESS LOLA DOLL"
0.030416637193181013,"GARDENERS KNEELING PAD KEEP CALM', 'GARDENERS KNEELING PAD CUP OF TEA"
0.01619862771450803,"HAND OVER THE CHOCOLATE   SIGN', 'GIN + TONIC DIET METAL SIGN"
0.010115300275871826,"NO SINGING METAL SIGN', 'GIN + TONIC DIET METAL SIGN"
0.014571691306500672,"GIN + TONIC DIET METAL SIGN', 'PLEASE ONE PERSON METAL SIGN"
0.027657918936125063,"PINK REGENCY TEACUP AND SAUCER', 'GREEN REGENCY TEACUP AND SAUCER"
0.03239725542901606,"GREEN REGENCY TEACUP AND SAUCER', 'ROSES REGENCY TEACUP AND SAUCER"
0.010115300275871826,"SCOTTIE DOG HOT WATER BOTTLE', 'GREY HEART HOT WATER BOTTLE"
0.013935064016410837,"HAND OVER THE CHOCOLATE   SIGN', 'PLEASE ONE PERSON METAL SIGN"
0.017047464101294475,"HAND WARMER OWL DESIGN', 'HAND WARMER BIRD DESIGN"
0.010186036641437362,"HAND WARMER RED LOVE HEART', 'HAND WARMER BIRD DESIGN"
0.01563273678998373,"HAND WARMER BIRD DESIGN', 'HAND WARMER SCOTTY DOG DESIGN"
0.010893400297092735,"HAND WARMER UNION JACK', 'HAND WARMER BIRD DESIGN"
0.013369173091886538,"HAND WARMER RED LOVE HEART', 'HAND WARMER OWL DESIGN"
0.012095918511706868,"HAND WARMER OWL DESIGN', 'HAND WARMER RED RETROSPOT"
0.018108509584777534,"HAND WARMER OWL DESIGN', 'HAND WARMER SCOTTY DOG DESIGN"
0.013510645823017614,"HAND WARMER UNION JACK', 'HAND WARMER OWL DESIGN"
0.011954445780575794,"HAND WARMER RED LOVE HEART', 'HAND WARMER SCOTTY DOG DESIGN"
0.012095918511706868,"HAND WARMER UNION JACK', 'HAND WARMER RED LOVE HEART"
0.011388554856051496,"HAND WARMER RED RETROSPOT', 'HAND WARMER SCOTTY DOG DESIGN"
0.012591073070665629,"HAND WARMER UNION JACK', 'HAND WARMER SCOTTY DOG DESIGN"
0.010044563910306288,"SINGLE HEART ZINC T-LIGHT HOLDER', 'HANGING HEART ZINC T-LIGHT HOLDER"
0.02596024616255217,"HEART OF WICKER SMALL', 'HEART OF WICKER LARGE"
0.013156963995189928,"LARGE WHITE HEART OF WICKER', 'HEART OF WICKER LARGE"
0.01817924595034307,"WHITE HANGING HEART T-LIGHT HOLDER', 'HEART OF WICKER LARGE"
0.010186036641437362,"HEART OF WICKER SMALL', 'NATURAL SLATE HEART CHALKBOARD"
0.013298436726321002,"HEART OF WICKER SMALL', 'SMALL WHITE HEART OF WICKER"
0.015491264058852657,"WHITE HANGING HEART T-LIGHT HOLDER', 'HEART OF WICKER SMALL"
0.011388554856051496,"HERB MARKER BASIL', 'HERB MARKER MINT"
0.011388554856051496,"HERB MARKER BASIL', 'HERB MARKER PARSLEY"
0.01153002758718257,"HERB MARKER BASIL', 'HERB MARKER ROSEMARY"
0.01131781849048596,"HERB MARKER BASIL', 'HERB MARKER THYME"
0.010468982103699512,"HERB MARKER MINT', 'HERB MARKER CHIVES"
0.010468982103699512,"HERB MARKER CHIVES', 'HERB MARKER PARSLEY"
0.010398245738133974,"HERB MARKER ROSEMARY', 'HERB MARKER CHIVES"
0.010468982103699512,"HERB MARKER CHIVES', 'HERB MARKER THYME"
0.01153002758718257,"HERB MARKER MINT', 'HERB MARKER PARSLEY"
0.011671500318313646,"HERB MARKER MINT', 'HERB MARKER ROSEMARY"
0.011388554856051496,"HERB MARKER MINT', 'HERB MARKER THYME"
0.011671500318313646,"HERB MARKER ROSEMARY', 'HERB MARKER PARSLEY"
0.01153002758718257,"HERB MARKER THYME', 'HERB MARKER PARSLEY"
0.01181297304944472,"HERB MARKER ROSEMARY', 'HERB MARKER THYME"
0.01846219141260522,"HOME BUILDING BLOCK WORD', 'LOVE BUILDING BLOCK WORD"
0.012591073070665629,"WHITE HANGING HEART T-LIGHT HOLDER', 'HOME BUILDING BLOCK WORD"
0.012944754898493315,"HOT WATER BOTTLE I AM SO POORLY', 'HOT WATER BOTTLE KEEP CALM"
0.012591073070665629,"HOT WATER BOTTLE TEA AND SYMPATHY', 'HOT WATER BOTTLE I AM SO POORLY"
0.01103487302822381,"HOT WATER BOTTLE I AM SO POORLY', 'SCOTTIE DOG HOT WATER BOTTLE"
0.015703473155549267,"HOT WATER BOTTLE TEA AND SYMPATHY', 'HOT WATER BOTTLE KEEP CALM"
0.014783900403197284,"LOVE HOT WATER BOTTLE', 'HOT WATER BOTTLE KEEP CALM"
0.012449600339534555,"SCOTTIE DOG HOT WATER BOTTLE', 'HOT WATER BOTTLE KEEP CALM"
0.016623045907901254,"JAM MAKING SET PRINTED', 'JAM MAKING SET WITH JARS"
0.010964136662658273,"SET OF 3 CAKE TINS PANTRY DESIGN', 'JAM MAKING SET PRINTED"
0.010044563910306288,"RECIPE BOX PANTRY YELLOW DESIGN', 'JAM MAKING SET WITH JARS"
0.013652118554148688,"SET OF 3 CAKE TINS PANTRY DESIGN', 'JAM MAKING SET WITH JARS"
0.010115300275871826,"SET OF 6 SPICE TINS PANTRY DESIGN', 'JAM MAKING SET WITH JARS"
0.014854636768762822,"JUMBO BAG PINK POLKADOT', 'JUMBO  BAG BAROQUE BLACK WHITE"
0.010327509372568438,"JUMBO BAG PINK VINTAGE PAISLEY', 'JUMBO  BAG BAROQUE BLACK WHITE"
0.0205135460140058,"JUMBO  BAG BAROQUE BLACK WHITE', 'JUMBO BAG RED RETROSPOT"
0.012237391242837943,"JUMBO BAG STRAWBERRY', 'JUMBO  BAG BAROQUE BLACK WHITE"
0.014783900403197284,"JUMBO SHOPPER VINTAGE RED PAISLEY', 'JUMBO  BAG BAROQUE BLACK WHITE"
0.01563273678998373,"JUMBO STORAGE BAG SUKI', 'JUMBO  BAG BAROQUE BLACK WHITE"
0.014713164037631746,"frozenset({""JUMBO BAG 50'S CHRISTMAS"", 'JUMBO BAG VINTAGE CHRISTMAS"
0.010539718469265049,"frozenset({""PAPER CHAIN KIT 50'S CHRISTMAS"", ""JUMBO BAG 50'S CHRISTMAS""})"
0.015279054962156044,"JUMBO BAG ALPHABET', 'JUMBO BAG APPLES"
0.010044563910306288,"JUMBO BAG ALPHABET', 'JUMBO BAG PEARS"
0.011742236683879182,"JUMBO BAG PINK POLKADOT', 'JUMBO BAG ALPHABET"
0.016693782273466788,"JUMBO BAG ALPHABET', 'JUMBO BAG RED RETROSPOT"
0.015774209521114805,"JUMBO BAG ALPHABET', 'JUMBO BAG VINTAGE LEAF"
0.010964136662658273,"JUMBO SHOPPER VINTAGE RED PAISLEY', 'JUMBO BAG ALPHABET"
0.011954445780575794,"JUMBO STORAGE BAG SUKI', 'JUMBO BAG ALPHABET"
0.013793591285279762,"JUMBO BAG ALPHABET', 'LUNCH BAG ALPHABET DESIGN"
0.010539718469265049,"JUMBO BAG ALPHABET', 'LUNCH BAG APPLE DESIGN"
0.017825564122515385,"JUMBO BAG APPLES', 'JUMBO BAG PEARS"
0.012520336705100091,"JUMBO BAG PINK POLKADOT', 'JUMBO BAG APPLES"
0.018037773219211996,"JUMBO BAG APPLES', 'JUMBO BAG RED RETROSPOT"
0.016552309542335716,"JUMBO BAG APPLES', 'JUMBO BAG VINTAGE LEAF"
0.010539718469265049,"JUMBO SHOPPER VINTAGE RED PAISLEY', 'JUMBO BAG APPLES"
0.01131781849048596,"JUMBO STORAGE BAG SUKI', 'JUMBO BAG APPLES"
0.010539718469265049,"LUNCH BAG  BLACK SKULL.', 'JUMBO BAG APPLES"
0.016269364080073567,"JUMBO BAG APPLES', 'LUNCH BAG APPLE DESIGN"
0.010115300275871826,"JUMBO BAG APPLES', 'LUNCH BAG CARS BLUE"
0.011388554856051496,"LUNCH BAG RED RETROSPOT', 'JUMBO BAG APPLES"
0.010610454834830587,"JUMBO BAG APPLES', 'LUNCH BAG SUKI DESIGN"
0.010539718469265049,"JUMBO BAG APPLES', 'LUNCH BAG VINTAGE LEAF DESIGN"
0.011742236683879182,"JUMBO BAG VINTAGE LEAF', 'JUMBO BAG DOILEY PATTERNS"
0.01202518214614133,"LUNCH BAG DOILEY PATTERN', 'JUMBO BAG DOILEY PATTERNS"
0.011176345759354884,"JUMBO BAG RED RETROSPOT', 'JUMBO BAG PEARS"
0.014359482209804061,"JUMBO BAG VINTAGE LEAF', 'JUMBO BAG PEARS"
0.015066845865459432,"JUMBO BAG PINK POLKADOT', 'JUMBO BAG PINK VINTAGE PAISLEY"
0.029850746268656716,"JUMBO BAG PINK POLKADOT', 'JUMBO BAG RED RETROSPOT"
0.010893400297092735,"JUMBO BAG PINK POLKADOT', 'JUMBO BAG SCANDINAVIAN BLUE PAISLEY"
0.01131781849048596,"JUMBO BAG PINK POLKADOT', 'JUMBO BAG SPACEBOY DESIGN"
0.016552309542335716,"JUMBO BAG PINK POLKADOT', 'JUMBO BAG STRAWBERRY"
0.012237391242837943,"JUMBO BAG PINK POLKADOT', 'JUMBO BAG VINTAGE LEAF"
0.010115300275871826,"JUMBO BAG PINK POLKADOT', 'JUMBO BAG WOODLAND ANIMALS"
0.014359482209804061,"JUMBO BAG PINK POLKADOT', 'JUMBO SHOPPER VINTAGE RED PAISLEY"
0.012661809436231167,"JUMBO BAG PINK POLKADOT', 'JUMBO STORAGE BAG SKULLS"
0.016764518639032326,"JUMBO BAG PINK POLKADOT', 'JUMBO STORAGE BAG SUKI"
0.012237391242837943,"JUMBO BAG PINK POLKADOT', 'LUNCH BAG  BLACK SKULL."
0.01131781849048596,"JUMBO BAG PINK POLKADOT', 'LUNCH BAG CARS BLUE"
0.014996109499893896,"JUMBO BAG PINK POLKADOT', 'LUNCH BAG PINK POLKADOT"
0.014288745844238523,"JUMBO BAG PINK POLKADOT', 'LUNCH BAG RED RETROSPOT"
0.010327509372568438,"JUMBO BAG PINK POLKADOT', 'LUNCH BAG SUKI DESIGN"
0.017825564122515385,"JUMBO BAG PINK VINTAGE PAISLEY', 'JUMBO BAG RED RETROSPOT"
0.01464242767206621,"JUMBO BAG PINK VINTAGE PAISLEY', 'JUMBO BAG SCANDINAVIAN BLUE PAISLEY"
0.011954445780575794,"JUMBO BAG PINK VINTAGE PAISLEY', 'JUMBO BAG STRAWBERRY"
0.015279054962156044,"JUMBO BAG PINK VINTAGE PAISLEY', 'JUMBO SHOPPER VINTAGE RED PAISLEY"
0.01202518214614133,"JUMBO STORAGE BAG SUKI', 'JUMBO BAG PINK VINTAGE PAISLEY"
0.01464242767206621,"JUMBO BAG SCANDINAVIAN BLUE PAISLEY', 'JUMBO BAG RED RETROSPOT"
0.013227700360755464,"JUMBO BAG RED RETROSPOT', 'JUMBO BAG SPACEBOY DESIGN"
0.021503855131923322,"JUMBO BAG STRAWBERRY', 'JUMBO BAG RED RETROSPOT"
0.016340100445639102,"JUMBO BAG VINTAGE DOILY', 'JUMBO BAG RED RETROSPOT"
0.020159864186178114,"JUMBO BAG VINTAGE LEAF', 'JUMBO BAG RED RETROSPOT"
0.011883709415010256,"JUMBO BAG WOODLAND ANIMALS', 'JUMBO BAG RED RETROSPOT"
0.022989318808799605,"JUMBO SHOPPER VINTAGE RED PAISLEY', 'JUMBO BAG RED RETROSPOT"
0.015066845865459432,"JUMBO STORAGE BAG SKULLS', 'JUMBO BAG RED RETROSPOT"
0.024262573388979275,"JUMBO STORAGE BAG SUKI', 'JUMBO BAG RED RETROSPOT"
0.016340100445639102,"LUNCH BAG  BLACK SKULL.', 'JUMBO BAG RED RETROSPOT"
0.01230812760840348,"LUNCH BAG APPLE DESIGN', 'JUMBO BAG RED RETROSPOT"
0.014996109499893896,"LUNCH BAG CARS BLUE', 'JUMBO BAG RED RETROSPOT"
0.01591568225224588,"JUMBO BAG RED RETROSPOT', 'LUNCH BAG PINK POLKADOT"
0.02277710971210299,"LUNCH BAG RED RETROSPOT', 'JUMBO BAG RED RETROSPOT"
0.012449600339534555,"LUNCH BAG SPACEBOY DESIGN', 'JUMBO BAG RED RETROSPOT"
0.014005800381976375,"LUNCH BAG SUKI DESIGN', 'JUMBO BAG RED RETROSPOT"
0.010468982103699512,"PARTY BUNTING', 'JUMBO BAG RED RETROSPOT"
0.01464242767206621,"JUMBO BAG RED RETROSPOT', 'RED RETROSPOT CHARLOTTE BAG"
0.013652118554148688,"WHITE HANGING HEART T-LIGHT HOLDER', 'JUMBO BAG RED RETROSPOT"
0.01153002758718257,"JUMBO SHOPPER VINTAGE RED PAISLEY', 'JUMBO BAG SCANDINAVIAN BLUE PAISLEY"
0.011742236683879182,"JUMBO STORAGE BAG SUKI', 'JUMBO BAG SPACEBOY DESIGN"
0.010681191200396123,"JUMBO SHOPPER VINTAGE RED PAISLEY', 'JUMBO BAG STRAWBERRY"
0.013298436726321002,"JUMBO STORAGE BAG SUKI', 'JUMBO BAG STRAWBERRY"
0.010115300275871826,"LUNCH BAG RED RETROSPOT', 'JUMBO BAG STRAWBERRY"
0.012944754898493315,"JUMBO BAG VINTAGE DOILY', 'JUMBO BAG VINTAGE LEAF"
0.012732545801796703,"JUMBO BAG VINTAGE DOILY', 'LUNCH BAG VINTAGE DOILY"
0.013015491264058853,"JUMBO SHOPPER VINTAGE RED PAISLEY', 'JUMBO BAG VINTAGE LEAF"
0.012449600339534555,"JUMBO STORAGE BAG SUKI', 'JUMBO BAG VINTAGE LEAF"
0.010398245738133974,"LUNCH BAG  BLACK SKULL.', 'JUMBO BAG VINTAGE LEAF"
0.010468982103699512,"JUMBO BAG VINTAGE LEAF', 'LUNCH BAG APPLE DESIGN"
0.011105609393789347,"LUNCH BAG RED RETROSPOT', 'JUMBO BAG VINTAGE LEAF"
0.012166654877272406,"LUNCH BAG VINTAGE LEAF DESIGN', 'JUMBO BAG VINTAGE LEAF"
0.010115300275871826,"JUMBO STORAGE BAG SUKI', 'JUMBO BAG WOODLAND ANIMALS"
0.015420527693287119,"JUMBO STORAGE BAG SUKI', 'JUMBO SHOPPER VINTAGE RED PAISLEY"
0.01153002758718257,"JUMBO SHOPPER VINTAGE RED PAISLEY', 'LUNCH BAG RED RETROSPOT"
0.012661809436231167,"JUMBO STORAGE BAG SKULLS', 'JUMBO STORAGE BAG SUKI"
0.011883709415010256,"JUMBO STORAGE BAG SKULLS', 'LUNCH BAG  BLACK SKULL."
0.012378863973969017,"JUMBO STORAGE BAG SUKI', 'LUNCH BAG  BLACK SKULL."
0.010822663931527199,"JUMBO STORAGE BAG SUKI', 'LUNCH BAG CARS BLUE"
0.011176345759354884,"JUMBO STORAGE BAG SUKI', 'LUNCH BAG PINK POLKADOT"
0.014500954940935135,"JUMBO STORAGE BAG SUKI', 'LUNCH BAG RED RETROSPOT"
0.010681191200396123,"JUMBO STORAGE BAG SUKI', 'LUNCH BAG SPACEBOY DESIGN"
0.014430218575369597,"JUMBO STORAGE BAG SUKI', 'LUNCH BAG SUKI DESIGN"
0.011388554856051496,"KEY FOB , SHED', 'KEY FOB , BACK DOOR"
0.010327509372568438,"TOILET METAL SIGN', 'KITCHEN METAL SIGN"
0.010751927565961661,"LADIES & GENTLEMEN METAL SIGN', 'PLEASE ONE PERSON METAL SIGN"
0.01931102779939167,"LARGE WHITE HEART OF WICKER', 'SMALL WHITE HEART OF WICKER"
0.010893400297092735,"WHITE HANGING HEART T-LIGHT HOLDER', 'LARGE WHITE HEART OF WICKER"
0.010610454834830587,"WHITE HANGING HEART T-LIGHT HOLDER', 'LOVE BUILDING BLOCK WORD"
0.015774209521114805,"LUNCH BAG  BLACK SKULL.', 'LUNCH BAG ALPHABET DESIGN"
0.020372073282874725,"LUNCH BAG  BLACK SKULL.', 'LUNCH BAG APPLE DESIGN"
0.026879818914904152,"LUNCH BAG  BLACK SKULL.', 'LUNCH BAG CARS BLUE"
0.016976727735728937,"LUNCH BAG DOLLY GIRL DESIGN', 'LUNCH BAG  BLACK SKULL."
0.029921482634222254,"LUNCH BAG  BLACK SKULL.', 'LUNCH BAG PINK POLKADOT"
0.03197283723562283,"LUNCH BAG  BLACK SKULL.', 'LUNCH BAG RED RETROSPOT"
0.026667609818207542,"LUNCH BAG SPACEBOY DESIGN', 'LUNCH BAG  BLACK SKULL."
0.02638466435594539,"LUNCH BAG  BLACK SKULL.', 'LUNCH BAG SUKI DESIGN"
0.013015491264058853,"LUNCH BAG  BLACK SKULL.', 'LUNCH BAG VINTAGE DOILY"
0.015986418617811415,"LUNCH BAG  BLACK SKULL.', 'LUNCH BAG VINTAGE LEAF DESIGN"
0.021716064228619932,"LUNCH BAG WOODLAND', 'LUNCH BAG  BLACK SKULL."
0.012449600339534555,"LUNCH BAG  BLACK SKULL.', 'RED RETROSPOT CHARLOTTE BAG"
0.011176345759354884,"WHITE HANGING HEART T-LIGHT HOLDER', 'LUNCH BAG  BLACK SKULL."
0.018532927778170758,"LUNCH BAG APPLE DESIGN', 'LUNCH BAG ALPHABET DESIGN"
0.014854636768762822,"LUNCH BAG CARS BLUE', 'LUNCH BAG ALPHABET DESIGN"
0.011105609393789347,"LUNCH BAG DOLLY GIRL DESIGN', 'LUNCH BAG ALPHABET DESIGN"
0.014218009478672985,"LUNCH BAG ALPHABET DESIGN', 'LUNCH BAG PINK POLKADOT"
0.01591568225224588,"LUNCH BAG RED RETROSPOT', 'LUNCH BAG ALPHABET DESIGN"
0.015491264058852657,"LUNCH BAG SPACEBOY DESIGN', 'LUNCH BAG ALPHABET DESIGN"
0.01612789134894249,"LUNCH BAG SUKI DESIGN', 'LUNCH BAG ALPHABET DESIGN"
0.015208318596590506,"LUNCH BAG VINTAGE LEAF DESIGN', 'LUNCH BAG ALPHABET DESIGN"
0.012661809436231167,"LUNCH BAG WOODLAND', 'LUNCH BAG ALPHABET DESIGN"
0.01824998231590861,"LUNCH BAG CARS BLUE', 'LUNCH BAG APPLE DESIGN"
0.011459291221617034,"LUNCH BAG DOILEY PATTERN', 'LUNCH BAG APPLE DESIGN"
0.012449600339534555,"LUNCH BAG DOLLY GIRL DESIGN', 'LUNCH BAG APPLE DESIGN"
0.01768409139138431,"LUNCH BAG APPLE DESIGN', 'LUNCH BAG PINK POLKADOT"
0.02206974605644762,"LUNCH BAG RED RETROSPOT', 'LUNCH BAG APPLE DESIGN"
0.018391455047039682,"LUNCH BAG SPACEBOY DESIGN', 'LUNCH BAG APPLE DESIGN"
0.022140482422013157,"LUNCH BAG SUKI DESIGN', 'LUNCH BAG APPLE DESIGN"
0.01131781849048596,"LUNCH BAG APPLE DESIGN', 'LUNCH BAG VINTAGE DOILY"
0.018532927778170758,"LUNCH BAG VINTAGE LEAF DESIGN', 'LUNCH BAG APPLE DESIGN"
0.016905991370163402,"LUNCH BAG WOODLAND', 'LUNCH BAG APPLE DESIGN"
0.015774209521114805,"LUNCH BAG DOLLY GIRL DESIGN', 'LUNCH BAG CARS BLUE"
0.027021291646035228,"LUNCH BAG CARS BLUE', 'LUNCH BAG PINK POLKADOT"
0.027374973473862915,"LUNCH BAG RED RETROSPOT', 'LUNCH BAG CARS BLUE"
0.02489920067906911,"LUNCH BAG SPACEBOY DESIGN', 'LUNCH BAG CARS BLUE"
0.0241211006578482,"LUNCH BAG CARS BLUE', 'LUNCH BAG SUKI DESIGN"
0.012732545801796703,"LUNCH BAG CARS BLUE', 'LUNCH BAG VINTAGE LEAF DESIGN"
0.02157459149748886,"LUNCH BAG WOODLAND', 'LUNCH BAG CARS BLUE"
0.01131781849048596,"WHITE HANGING HEART T-LIGHT HOLDER', 'LUNCH BAG CARS BLUE"
0.01464242767206621,"LUNCH BAG DOLLY GIRL DESIGN', 'LUNCH BAG PINK POLKADOT"
0.018037773219211996,"LUNCH BAG DOLLY GIRL DESIGN', 'LUNCH BAG RED RETROSPOT"
0.021645327863054398,"LUNCH BAG DOLLY GIRL DESIGN', 'LUNCH BAG SPACEBOY DESIGN"
0.01591568225224588,"LUNCH BAG DOLLY GIRL DESIGN', 'LUNCH BAG SUKI DESIGN"
0.014783900403197284,"LUNCH BAG DOLLY GIRL DESIGN', 'LUNCH BAG WOODLAND"
0.031336209945532996,"LUNCH BAG RED RETROSPOT', 'LUNCH BAG PINK POLKADOT"
0.02306005517436514,"LUNCH BAG SPACEBOY DESIGN', 'LUNCH BAG PINK POLKADOT"
0.022423427884275305,"LUNCH BAG SUKI DESIGN', 'LUNCH BAG PINK POLKADOT"
0.01131781849048596,"LUNCH BAG PINK POLKADOT', 'LUNCH BAG VINTAGE DOILY"
0.012591073070665629,"LUNCH BAG VINTAGE LEAF DESIGN', 'LUNCH BAG PINK POLKADOT"
0.01952323689608828,"LUNCH BAG WOODLAND', 'LUNCH BAG PINK POLKADOT"
0.010681191200396123,"LUNCH BAG PINK POLKADOT', 'RED RETROSPOT CHARLOTTE BAG"
0.012237391242837943,"WHITE HANGING HEART T-LIGHT HOLDER', 'LUNCH BAG PINK POLKADOT"
0.027728655301690597,"LUNCH BAG SPACEBOY DESIGN', 'LUNCH BAG RED RETROSPOT"
0.0271627643771663,"LUNCH BAG RED RETROSPOT', 'LUNCH BAG SUKI DESIGN"
0.014925373134328358,"LUNCH BAG RED RETROSPOT', 'LUNCH BAG VINTAGE DOILY"
0.016269364080073567,"LUNCH BAG RED RETROSPOT', 'LUNCH BAG VINTAGE LEAF DESIGN"
0.024404046120110347,"LUNCH BAG WOODLAND', 'LUNCH BAG RED RETROSPOT"
0.01103487302822381,"LUNCH BAG RED RETROSPOT', 'PACK OF 72 RETROSPOT CAKE CASES"
0.013793591285279762,"LUNCH BAG RED RETROSPOT', 'RED RETROSPOT CHARLOTTE BAG"
0.010539718469265049,"STRAWBERRY CHARLOTTE BAG', 'LUNCH BAG RED RETROSPOT"
0.013015491264058853,"WHITE HANGING HEART T-LIGHT HOLDER', 'LUNCH BAG RED RETROSPOT"
0.023696682464454975,"LUNCH BAG SPACEBOY DESIGN', 'LUNCH BAG SUKI DESIGN"
0.011671500318313646,"LUNCH BAG SPACEBOY DESIGN', 'LUNCH BAG VINTAGE DOILY"
0.014147273113107449,"LUNCH BAG SPACEBOY DESIGN', 'LUNCH BAG VINTAGE LEAF DESIGN"
0.0241211006578482,"LUNCH BAG SPACEBOY DESIGN', 'LUNCH BAG WOODLAND"
0.010610454834830587,"LUNCH BAG SPACEBOY DESIGN', 'RED RETROSPOT CHARLOTTE BAG"
0.011459291221617034,"WHITE HANGING HEART T-LIGHT HOLDER', 'LUNCH BAG SPACEBOY DESIGN"
0.01153002758718257,"LUNCH BAG SUKI DESIGN', 'LUNCH BAG VINTAGE DOILY"
0.01612789134894249,"LUNCH BAG VINTAGE LEAF DESIGN', 'LUNCH BAG SUKI DESIGN"
0.01867440050930183,"LUNCH BAG WOODLAND', 'LUNCH BAG SUKI DESIGN"
0.010327509372568438,"LUNCH BAG SUKI DESIGN', 'RED RETROSPOT CHARLOTTE BAG"
0.01153002758718257,"WHITE HANGING HEART T-LIGHT HOLDER', 'LUNCH BAG SUKI DESIGN"
0.010186036641437362,"LUNCH BAG VINTAGE LEAF DESIGN', 'LUNCH BAG VINTAGE DOILY"
0.012166654877272406,"LUNCH BAG WOODLAND', 'LUNCH BAG VINTAGE LEAF DESIGN"
0.016693782273466788,"WHITE HANGING HEART T-LIGHT HOLDER', 'NATURAL SLATE HEART CHALKBOARD"
0.01181297304944472,"PACK OF 60 PINK PAISLEY CAKE CASES', 'PACK OF 60 DINOSAUR CAKE CASES"
0.011176345759354884,"PACK OF 60 DINOSAUR CAKE CASES', 'PACK OF 60 SPACEBOY CAKE CASES"
0.015491264058852657,"PACK OF 72 RETROSPOT CAKE CASES', 'PACK OF 60 DINOSAUR CAKE CASES"
0.01103487302822381,"PACK OF 72 SKULL CAKE CASES', 'PACK OF 60 DINOSAUR CAKE CASES"
0.01846219141260522,"PACK OF 60 PINK PAISLEY CAKE CASES', 'PACK OF 72 RETROSPOT CAKE CASES"
0.01153002758718257,"PACK OF 72 RETROSPOT CAKE CASES', 'PACK OF 60 SPACEBOY CAKE CASES"
0.013652118554148688,"PACK OF 72 SKULL CAKE CASES', 'PACK OF 72 RETROSPOT CAKE CASES"
0.026313927990379855,"frozenset({""PAPER CHAIN KIT 50'S CHRISTMAS"", 'PAPER CHAIN KIT VINTAGE CHRISTMAS"
0.010115300275871826,"frozenset({""PAPER CHAIN KIT 50'S CHRISTMAS"", 'SET OF 20 VINTAGE CHRISTMAS NAPKINS"
0.010539718469265049,"SET OF 3 CAKE TINS PANTRY DESIGN', 'PARTY BUNTING"
0.024262573388979275,"PARTY BUNTING', 'SPOTTY BUNTING"
0.010751927565961661,"PARTY BUNTING', 'TEA TIME PARTY BUNTING"
0.01513758223102497,"WHITE HANGING HEART T-LIGHT HOLDER', 'PARTY BUNTING"
0.015066845865459432,"PINK CREAM FELT CRAFT TRINKET BOX', 'PINK BLUE FELT CRAFT TRINKET BOX"
0.02596024616255217,"PINK REGENCY TEACUP AND SAUCER', 'ROSES REGENCY TEACUP AND SAUCER"
0.012449600339534555,"PINK VINTAGE PAISLEY PICNIC BAG', 'SCANDINAVIAN PAISLEY PICNIC BAG"
0.010468982103699512,"PLASTERS IN TIN CIRCUS PARADE', 'PLASTERS IN TIN SPACEBOY"
0.010044563910306288,"PLASTERS IN TIN STRONGMAN', 'PLASTERS IN TIN CIRCUS PARADE"
0.010115300275871826,"PLASTERS IN TIN WOODLAND ANIMALS', 'PLASTERS IN TIN SKULLS"
0.010327509372568438,"PLASTERS IN TIN VINTAGE PAISLEY', 'PLASTERS IN TIN SPACEBOY"
0.012449600339534555,"PLASTERS IN TIN WOODLAND ANIMALS', 'PLASTERS IN TIN SPACEBOY"
0.011176345759354884,"PLASTERS IN TIN WOODLAND ANIMALS', 'PLASTERS IN TIN VINTAGE PAISLEY"
0.014500954940935135,"frozenset({""POPPY'S PLAYHOUSE BEDROOM"", ""POPPY'S PLAYHOUSE KITCHEN""})"
0.011742236683879182,"frozenset({""POPPY'S PLAYHOUSE LIVINGROOM"", ""POPPY'S PLAYHOUSE BEDROOM""})"
0.01230812760840348,"frozenset({""POPPY'S PLAYHOUSE LIVINGROOM"", ""POPPY'S PLAYHOUSE KITCHEN""})"
0.012874018532927778,"RECIPE BOX PANTRY YELLOW DESIGN', 'RECIPE BOX RETROSPOT"
0.016269364080073567,"SET OF 3 CAKE TINS PANTRY DESIGN', 'RECIPE BOX PANTRY YELLOW DESIGN"
0.010822663931527199,"RECIPE BOX PANTRY YELLOW DESIGN', 'SET OF 4 PANTRY JELLY MOULDS"
0.02610171889368324,"WHITE HANGING HEART T-LIGHT HOLDER', 'RED HANGING HEART T-LIGHT HOLDER"
0.01725967319799109,"STRAWBERRY CHARLOTTE BAG', 'RED RETROSPOT CHARLOTTE BAG"
0.013652118554148688,"WOODLAND CHARLOTTE BAG', 'RED RETROSPOT CHARLOTTE BAG"
0.010044563910306288,"RED SPOT CERAMIC DRAWER KNOB', 'RED STRIPE CERAMIC DRAWER KNOB"
0.011105609393789347,"REGENCY MILK JUG PINK', 'REGENCY SUGAR BOWL GREEN"
0.010327509372568438,"REGENCY TEA PLATE GREEN', 'REGENCY TEA PLATE PINK"
0.01202518214614133,"REGENCY TEA PLATE ROSES', 'REGENCY TEA PLATE GREEN"
0.010186036641437362,"REGENCY TEA PLATE ROSES', 'REGENCY TEA PLATE PINK"
0.014218009478672985,"RETROSPOT HEART HOT WATER BOTTLE', 'SCOTTIE DOG HOT WATER BOTTLE"
0.010964136662658273,"WHITE HANGING HEART T-LIGHT HOLDER', 'REX CASH+CARRY JUMBO SHOPPER"
0.013935064016410837,"SET OF 12 FAIRY CAKE BAKING CASES', 'SET OF 12 MINI LOAF BAKING CASES"
0.011600763952748108,"SET OF 12 FAIRY CAKE BAKING CASES', 'SET OF 6 SNACK LOAF BAKING CASES"
0.01153002758718257,"SET OF 12 FAIRY CAKE BAKING CASES', 'SET OF 6 TEA TIME BAKING CASES"
0.01103487302822381,"SET OF 12 MINI LOAF BAKING CASES', 'SET OF 6 SNACK LOAF BAKING CASES"
0.010327509372568438,"SET OF 12 MINI LOAF BAKING CASES', 'SET OF 6 TEA TIME BAKING CASES"
0.015208318596590506,"SET OF 3 BUTTERFLY COOKIE CUTTERS', 'SET OF 3 HEART COOKIE CUTTERS"
0.010468982103699512,"SET OF 3 CAKE TINS PANTRY DESIGN', 'SET OF 3 REGENCY CAKE TINS"
0.011600763952748108,"SET OF 3 CAKE TINS PANTRY DESIGN', 'SET OF 4 PANTRY JELLY MOULDS"
0.01874513687486737,"SET OF 3 CAKE TINS PANTRY DESIGN', 'SET OF 6 SPICE TINS PANTRY DESIGN"
0.01202518214614133,"SET OF 3 CAKE TINS PANTRY DESIGN', 'SET OF TEA COFFEE SUGAR TINS PANTRY"
0.01103487302822381,"WHITE HANGING HEART T-LIGHT HOLDER', 'SET OF 3 CAKE TINS PANTRY DESIGN"
0.011954445780575794,"SET OF 3 WOODEN STOCKING DECORATION', 'SET OF 3 WOODEN HEART DECORATIONS"
0.01153002758718257,"SET OF 3 WOODEN HEART DECORATIONS', 'SET OF 3 WOODEN TREE DECORATIONS"
0.010610454834830587,"SET OF 3 WOODEN STOCKING DECORATION', 'SET OF 3 WOODEN SLEIGH DECORATIONS"
0.010681191200396123,"SET OF 3 WOODEN SLEIGH DECORATIONS', 'SET OF 3 WOODEN TREE DECORATIONS"
0.01202518214614133,"SET OF 3 WOODEN STOCKING DECORATION', 'SET OF 3 WOODEN TREE DECORATIONS"
0.010681191200396123,"WHITE HANGING HEART T-LIGHT HOLDER', 'SET/5 RED RETROSPOT LID GLASS BOWLS"
0.013652118554148688,"SMALL MARSHMALLOWS PINK BOWL', 'SMALL DOLLY MIX DESIGN ORANGE BOWL"
0.01131781849048596,"WHITE HANGING HEART T-LIGHT HOLDER', 'SMALL WHITE HEART OF WICKER"
0.01181297304944472,"SWEETHEART CERAMIC TRINKET BOX', 'STRAWBERRY CERAMIC TRINKET BOX"
0.011459291221617034,"STRAWBERRY CHARLOTTE BAG', 'WOODLAND CHARLOTTE BAG"
0.010186036641437362,"TRAVEL CARD WALLET KEEP CALM', 'TRAVEL CARD WALLET VINTAGE TICKET"
0.01612789134894249,"VINTAGE HEADS AND TAILS CARD GAME', 'VINTAGE SNAP CARDS"
0.010186036641437362,"WOODEN BOX OF DOMINOES', 'VINTAGE SNAP CARDS"
0.01563273678998373,"WHITE HANGING HEART T-LIGHT HOLDER', 'WOODEN FRAME ANTIQUE WHITE"
0.01846219141260522,"WHITE HANGING HEART T-LIGHT HOLDER', 'WOODEN PICTURE FRAME WHITE FINISH"
0.011105609393789347,"WHITE HANGING HEART T-LIGHT HOLDER', 'ZINC METAL HEART DECORATION"
0.01230812760840348,"WOOD 2 DRAWER CABINET WHITE FINISH', 'WOODEN FRAME ANTIQUE WHITE"
0.012520336705100091,"WOODEN PICTURE FRAME WHITE FINISH', 'WOOD 2 DRAWER CABINET WHITE FINISH"
0.03027516446204994,"WOODEN PICTURE FRAME WHITE FINISH', 'WOODEN FRAME ANTIQUE WHITE"
0.01824998231590861,"WOODEN STAR CHRISTMAS SCANDINAVIAN', 'WOODEN HEART CHRISTMAS SCANDINAVIAN"
0.010751927565961661,"WOODEN TREE CHRISTMAS SCANDINAVIAN', 'WOODEN HEART CHRISTMAS SCANDINAVIAN"
0.013227700360755464,"WOODEN TREE CHRISTMAS SCANDINAVIAN', 'WOODEN STAR CHRISTMAS SCANDINAVIAN"
0.013369173091886538,"ALARM CLOCK BAKELIKE RED', 'ALARM CLOCK BAKELIKE GREEN', 'ALARM CLOCK BAKELIKE IVORY"
0.014500954940935135,"ALARM CLOCK BAKELIKE PINK', 'ALARM CLOCK BAKELIKE GREEN', 'ALARM CLOCK BAKELIKE RED"
0.010822663931527199,"ALARM CLOCK BAKELIKE PINK', 'ALARM CLOCK BAKELIKE IVORY', 'ALARM CLOCK BAKELIKE RED"
0.010186036641437362,"STRAWBERRY CHARLOTTE BAG', 'CHARLOTTE BAG PINK POLKADOT', 'RED RETROSPOT CHARLOTTE BAG"
0.010539718469265049,"STRAWBERRY CHARLOTTE BAG', 'CHARLOTTE BAG SUKI DESIGN', 'RED RETROSPOT CHARLOTTE BAG"
0.010044563910306288,"CHOCOLATE HOT WATER BOTTLE', 'HOT WATER BOTTLE TEA AND SYMPATHY', 'HOT WATER BOTTLE KEEP CALM"
0.02306005517436514,"PINK REGENCY TEACUP AND SAUCER', 'ROSES REGENCY TEACUP AND SAUCER', 'GREEN REGENCY TEACUP AND SAUCER"
0.010751927565961661,"HAND WARMER OWL DESIGN', 'HAND WARMER BIRD DESIGN', 'HAND WARMER SCOTTY DOG DESIGN"
0.010539718469265049,"HERB MARKER BASIL', 'HERB MARKER MINT', 'HERB MARKER PARSLEY"
0.010751927565961661,"HERB MARKER BASIL', 'HERB MARKER MINT', 'HERB MARKER ROSEMARY"
0.010539718469265049,"HERB MARKER BASIL', 'HERB MARKER MINT', 'HERB MARKER THYME"
0.010681191200396123,"HERB MARKER BASIL', 'HERB MARKER ROSEMARY', 'HERB MARKER PARSLEY"
0.010610454834830587,"HERB MARKER BASIL', 'HERB MARKER THYME', 'HERB MARKER PARSLEY"
0.010822663931527199,"HERB MARKER BASIL', 'HERB MARKER ROSEMARY', 'HERB MARKER THYME"
0.010115300275871826,"HERB MARKER MINT', 'HERB MARKER CHIVES', 'HERB MARKER PARSLEY"
0.010044563910306288,"HERB MARKER ROSEMARY', 'HERB MARKER CHIVES', 'HERB MARKER PARSLEY"
0.010115300275871826,"HERB MARKER THYME', 'HERB MARKER CHIVES', 'HERB MARKER PARSLEY"
0.010044563910306288,"HERB MARKER ROSEMARY', 'HERB MARKER CHIVES', 'HERB MARKER THYME"
0.010893400297092735,"HERB MARKER MINT', 'HERB MARKER ROSEMARY', 'HERB MARKER PARSLEY"
0.010751927565961661,"HERB MARKER MINT', 'HERB MARKER THYME', 'HERB MARKER PARSLEY"
0.010964136662658273,"HERB MARKER MINT', 'HERB MARKER ROSEMARY', 'HERB MARKER THYME"
0.01103487302822381,"HERB MARKER ROSEMARY', 'HERB MARKER THYME', 'HERB MARKER PARSLEY"
0.010398245738133974,"JUMBO BAG PINK POLKADOT', 'JUMBO  BAG BAROQUE BLACK WHITE', 'JUMBO BAG RED RETROSPOT"
0.0102567730070029,"JUMBO STORAGE BAG SUKI', 'JUMBO  BAG BAROQUE BLACK WHITE', 'JUMBO BAG RED RETROSPOT"
0.011105609393789347,"JUMBO BAG APPLES', 'JUMBO BAG VINTAGE LEAF', 'JUMBO BAG PEARS"
0.010327509372568438,"JUMBO BAG PINK POLKADOT', 'JUMBO BAG PINK VINTAGE PAISLEY', 'JUMBO BAG RED RETROSPOT"
0.012166654877272406,"JUMBO BAG PINK POLKADOT', 'JUMBO BAG STRAWBERRY', 'JUMBO BAG RED RETROSPOT"
0.010610454834830587,"JUMBO BAG PINK POLKADOT', 'JUMBO SHOPPER VINTAGE RED PAISLEY', 'JUMBO BAG RED RETROSPOT"
0.012166654877272406,"JUMBO BAG PINK POLKADOT', 'JUMBO STORAGE BAG SUKI', 'JUMBO BAG RED RETROSPOT"
0.010398245738133974,"JUMBO BAG PINK POLKADOT', 'LUNCH BAG RED RETROSPOT', 'JUMBO BAG RED RETROSPOT"
0.010893400297092735,"JUMBO STORAGE BAG SUKI', 'JUMBO SHOPPER VINTAGE RED PAISLEY', 'JUMBO BAG RED RETROSPOT"
0.010468982103699512,"LUNCH BAG  BLACK SKULL.', 'JUMBO BAG RED RETROSPOT', 'LUNCH BAG RED RETROSPOT"
0.010681191200396123,"LUNCH BAG RED RETROSPOT', 'JUMBO BAG RED RETROSPOT', 'LUNCH BAG PINK POLKADOT"
0.01103487302822381,"LUNCH BAG  BLACK SKULL.', 'LUNCH BAG CARS BLUE', 'LUNCH BAG APPLE DESIGN"
0.010964136662658273,"LUNCH BAG  BLACK SKULL.', 'LUNCH BAG APPLE DESIGN', 'LUNCH BAG PINK POLKADOT"
0.012591073070665629,"LUNCH BAG  BLACK SKULL.', 'LUNCH BAG APPLE DESIGN', 'LUNCH BAG RED RETROSPOT"
0.011105609393789347,"LUNCH BAG SPACEBOY DESIGN', 'LUNCH BAG  BLACK SKULL.', 'LUNCH BAG APPLE DESIGN"
0.013015491264058853,"LUNCH BAG  BLACK SKULL.', 'LUNCH BAG SUKI DESIGN', 'LUNCH BAG APPLE DESIGN"
0.010398245738133974,"LUNCH BAG WOODLAND', 'LUNCH BAG  BLACK SKULL.', 'LUNCH BAG APPLE DESIGN"
0.016693782273466788,"LUNCH BAG  BLACK SKULL.', 'LUNCH BAG CARS BLUE', 'LUNCH BAG PINK POLKADOT"
0.01612789134894249,"LUNCH BAG  BLACK SKULL.', 'LUNCH BAG CARS BLUE', 'LUNCH BAG RED RETROSPOT"
0.014076536747541911,"LUNCH BAG SPACEBOY DESIGN', 'LUNCH BAG  BLACK SKULL.', 'LUNCH BAG CARS BLUE"
0.014005800381976375,"LUNCH BAG  BLACK SKULL.', 'LUNCH BAG CARS BLUE', 'LUNCH BAG SUKI DESIGN"
0.012166654877272406,"LUNCH BAG WOODLAND', 'LUNCH BAG  BLACK SKULL.', 'LUNCH BAG CARS BLUE"
0.010610454834830587,"LUNCH BAG DOLLY GIRL DESIGN', 'LUNCH BAG  BLACK SKULL.', 'LUNCH BAG RED RETROSPOT"
0.011671500318313646,"LUNCH BAG DOLLY GIRL DESIGN', 'LUNCH BAG SPACEBOY DESIGN', 'LUNCH BAG  BLACK SKULL."
0.010044563910306288,"LUNCH BAG DOLLY GIRL DESIGN', 'LUNCH BAG  BLACK SKULL.', 'LUNCH BAG SUKI DESIGN"
0.01945250053052274,"LUNCH BAG  BLACK SKULL.', 'LUNCH BAG RED RETROSPOT', 'LUNCH BAG PINK POLKADOT"
0.014430218575369597,"LUNCH BAG SPACEBOY DESIGN', 'LUNCH BAG  BLACK SKULL.', 'LUNCH BAG PINK POLKADOT"
0.014147273113107449,"LUNCH BAG  BLACK SKULL.', 'LUNCH BAG SUKI DESIGN', 'LUNCH BAG PINK POLKADOT"
0.012449600339534555,"LUNCH BAG WOODLAND', 'LUNCH BAG  BLACK SKULL.', 'LUNCH BAG PINK POLKADOT"
0.01591568225224588,"LUNCH BAG SPACEBOY DESIGN', 'LUNCH BAG  BLACK SKULL.', 'LUNCH BAG RED RETROSPOT"
0.015774209521114805,"LUNCH BAG  BLACK SKULL.', 'LUNCH BAG SUKI DESIGN', 'LUNCH BAG RED RETROSPOT"
0.014076536747541911,"LUNCH BAG WOODLAND', 'LUNCH BAG  BLACK SKULL.', 'LUNCH BAG RED RETROSPOT"
0.013935064016410837,"LUNCH BAG SPACEBOY DESIGN', 'LUNCH BAG  BLACK SKULL.', 'LUNCH BAG SUKI DESIGN"
0.01308622762962439,"LUNCH BAG WOODLAND', 'LUNCH BAG SPACEBOY DESIGN', 'LUNCH BAG  BLACK SKULL."
0.010186036641437362,"LUNCH BAG  BLACK SKULL.', 'LUNCH BAG VINTAGE LEAF DESIGN', 'LUNCH BAG SUKI DESIGN"
0.011671500318313646,"LUNCH BAG WOODLAND', 'LUNCH BAG  BLACK SKULL.', 'LUNCH BAG SUKI DESIGN"
0.010186036641437362,"LUNCH BAG CARS BLUE', 'LUNCH BAG APPLE DESIGN', 'LUNCH BAG PINK POLKADOT"
0.010468982103699512,"LUNCH BAG RED RETROSPOT', 'LUNCH BAG CARS BLUE', 'LUNCH BAG APPLE DESIGN"
0.01131781849048596,"LUNCH BAG CARS BLUE', 'LUNCH BAG SUKI DESIGN', 'LUNCH BAG APPLE DESIGN"
0.01153002758718257,"LUNCH BAG RED RETROSPOT', 'LUNCH BAG APPLE DESIGN', 'LUNCH BAG PINK POLKADOT"
0.010398245738133974,"LUNCH BAG SUKI DESIGN', 'LUNCH BAG APPLE DESIGN', 'LUNCH BAG PINK POLKADOT"
0.01153002758718257,"LUNCH BAG SPACEBOY DESIGN', 'LUNCH BAG RED RETROSPOT', 'LUNCH BAG APPLE DESIGN"
0.013015491264058853,"LUNCH BAG RED RETROSPOT', 'LUNCH BAG SUKI DESIGN', 'LUNCH BAG APPLE DESIGN"
0.010186036641437362,"LUNCH BAG RED RETROSPOT', 'LUNCH BAG VINTAGE LEAF DESIGN', 'LUNCH BAG APPLE DESIGN"
0.010893400297092735,"LUNCH BAG WOODLAND', 'LUNCH BAG RED RETROSPOT', 'LUNCH BAG APPLE DESIGN"
0.011176345759354884,"LUNCH BAG SPACEBOY DESIGN', 'LUNCH BAG SUKI DESIGN', 'LUNCH BAG APPLE DESIGN"
0.0102567730070029,"LUNCH BAG SPACEBOY DESIGN', 'LUNCH BAG WOODLAND', 'LUNCH BAG APPLE DESIGN"
0.010468982103699512,"LUNCH BAG VINTAGE LEAF DESIGN', 'LUNCH BAG SUKI DESIGN', 'LUNCH BAG APPLE DESIGN"
0.010468982103699512,"LUNCH BAG WOODLAND', 'LUNCH BAG SUKI DESIGN', 'LUNCH BAG APPLE DESIGN"
0.010751927565961661,"LUNCH BAG DOLLY GIRL DESIGN', 'LUNCH BAG SPACEBOY DESIGN', 'LUNCH BAG CARS BLUE"
0.016835255004597864,"LUNCH BAG RED RETROSPOT', 'LUNCH BAG CARS BLUE', 'LUNCH BAG PINK POLKADOT"
0.014076536747541911,"LUNCH BAG SPACEBOY DESIGN', 'LUNCH BAG CARS BLUE', 'LUNCH BAG PINK POLKADOT"
0.012661809436231167,"LUNCH BAG CARS BLUE', 'LUNCH BAG SUKI DESIGN', 'LUNCH BAG PINK POLKADOT"
0.01230812760840348,"LUNCH BAG WOODLAND', 'LUNCH BAG CARS BLUE', 'LUNCH BAG PINK POLKADOT"
0.014359482209804061,"LUNCH BAG SPACEBOY DESIGN', 'LUNCH BAG RED RETROSPOT', 'LUNCH BAG CARS BLUE"
0.013793591285279762,"LUNCH BAG RED RETROSPOT', 'LUNCH BAG CARS BLUE', 'LUNCH BAG SUKI DESIGN"
0.01358138218858315,"LUNCH BAG WOODLAND', 'LUNCH BAG RED RETROSPOT', 'LUNCH BAG CARS BLUE"
0.012661809436231167,"LUNCH BAG SPACEBOY DESIGN', 'LUNCH BAG CARS BLUE', 'LUNCH BAG SUKI DESIGN"
0.013369173091886538,"LUNCH BAG SPACEBOY DESIGN', 'LUNCH BAG WOODLAND', 'LUNCH BAG CARS BLUE"
0.01103487302822381,"LUNCH BAG WOODLAND', 'LUNCH BAG CARS BLUE', 'LUNCH BAG SUKI DESIGN"
0.010822663931527199,"LUNCH BAG DOLLY GIRL DESIGN', 'LUNCH BAG RED RETROSPOT', 'LUNCH BAG PINK POLKADOT"
0.010186036641437362,"LUNCH BAG DOLLY GIRL DESIGN', 'LUNCH BAG SPACEBOY DESIGN', 'LUNCH BAG PINK POLKADOT"
0.012378863973969017,"LUNCH BAG DOLLY GIRL DESIGN', 'LUNCH BAG SPACEBOY DESIGN', 'LUNCH BAG RED RETROSPOT"
0.010186036641437362,"LUNCH BAG DOLLY GIRL DESIGN', 'LUNCH BAG RED RETROSPOT', 'LUNCH BAG SUKI DESIGN"
0.010186036641437362,"LUNCH BAG WOODLAND', 'LUNCH BAG RED RETROSPOT', 'LUNCH BAG DOLLY GIRL DESIGN"
0.010398245738133974,"LUNCH BAG DOLLY GIRL DESIGN', 'LUNCH BAG SPACEBOY DESIGN', 'LUNCH BAG SUKI DESIGN"
0.011105609393789347,"LUNCH BAG DOLLY GIRL DESIGN', 'LUNCH BAG SPACEBOY DESIGN', 'LUNCH BAG WOODLAND"
0.015349791327721582,"LUNCH BAG SPACEBOY DESIGN', 'LUNCH BAG RED RETROSPOT', 'LUNCH BAG PINK POLKADOT"
0.015279054962156044,"LUNCH BAG RED RETROSPOT', 'LUNCH BAG SUKI DESIGN', 'LUNCH BAG PINK POLKADOT"
0.014288745844238523,"LUNCH BAG WOODLAND', 'LUNCH BAG RED RETROSPOT', 'LUNCH BAG PINK POLKADOT"
0.011176345759354884,"LUNCH BAG SPACEBOY DESIGN', 'LUNCH BAG SUKI DESIGN', 'LUNCH BAG PINK POLKADOT"
0.012661809436231167,"LUNCH BAG SPACEBOY DESIGN', 'LUNCH BAG WOODLAND', 'LUNCH BAG PINK POLKADOT"
0.010893400297092735,"LUNCH BAG WOODLAND', 'LUNCH BAG SUKI DESIGN', 'LUNCH BAG PINK POLKADOT"
0.013864327650845299,"LUNCH BAG SPACEBOY DESIGN', 'LUNCH BAG RED RETROSPOT', 'LUNCH BAG SUKI DESIGN"
0.015066845865459432,"LUNCH BAG WOODLAND', 'LUNCH BAG SPACEBOY DESIGN', 'LUNCH BAG RED RETROSPOT"
0.01308622762962439,"LUNCH BAG WOODLAND', 'LUNCH BAG RED RETROSPOT', 'LUNCH BAG SUKI DESIGN"
0.010115300275871826,"LUNCH BAG SPACEBOY DESIGN', 'LUNCH BAG VINTAGE LEAF DESIGN', 'LUNCH BAG SUKI DESIGN"
0.011105609393789347,"LUNCH BAG SPACEBOY DESIGN', 'LUNCH BAG WOODLAND', 'LUNCH BAG SUKI DESIGN"
0.010468982103699512,"frozenset({""POPPY'S PLAYHOUSE LIVINGROOM"", ""POPPY'S PLAYHOUSE BEDROOM"", ""POPPY'S PLAYHOUSE KITCHEN""})"
0.010893400297092735,"WHITE HANGING HEART T-LIGHT HOLDER', 'WOODEN PICTURE FRAME WHITE FINISH', 'WOODEN FRAME ANTIQUE WHITE"
0.010044563910306288,"WOODEN TREE CHRISTMAS SCANDINAVIAN', 'WOODEN STAR CHRISTMAS SCANDINAVIAN', 'WOODEN HEART CHRISTMAS SCANDINAVIAN"
0.010044563910306288,"HERB MARKER BASIL', 'HERB MARKER MINT', 'HERB MARKER ROSEMARY', 'HERB MARKER PARSLEY"
0.010186036641437362,"HERB MARKER BASIL', 'HERB MARKER MINT', 'HERB MARKER ROSEMARY', 'HERB MARKER THYME"
0.010186036641437362,"HERB MARKER BASIL', 'HERB MARKER THYME', 'HERB MARKER ROSEMARY', 'HERB MARKER PARSLEY"
0.010398245738133974,"HERB MARKER MINT', 'HERB MARKER THYME', 'HERB MARKER ROSEMARY', 'HERB MARKER PARSLEY"
0.01202518214614133,"LUNCH BAG  BLACK SKULL.', 'LUNCH BAG CARS BLUE', 'LUNCH BAG RED RETROSPOT', 'LUNCH BAG PINK POLKADOT"
0.010610454834830587,"LUNCH BAG SPACEBOY DESIGN', 'LUNCH BAG  BLACK SKULL.', 'LUNCH BAG RED RETROSPOT', 'LUNCH BAG PINK POLKADOT"
0.010751927565961661,"LUNCH BAG  BLACK SKULL.', 'LUNCH BAG SUKI DESIGN', 'LUNCH BAG RED RETROSPOT', 'LUNCH BAG PINK POLKADOT"
